POPESTIMATE2015,STATE,COUNTY,FIPS
4858979,1,0,01000
55347,1,1,01001
203709,1,3,01003
26489,1,5,01005
22583,1,7,01007
57673,1,9,01009
10696,1,11,01011
15018,1,29,01029
51211,1,31,01031
54354,1,33,01033
12672,1,35,01035
10724,1,37,01037
37835,1,39,01039
13963,1,41,01041
82005,1,43,01043
49565,1,45,01045
41131,1,47,01047
71130,1,49,01049
81468,1,51,01051
37789,1,53,01053
103057,1,55,01055
16759,1,57,01057
31696,1,59,01059
26777,1,61,01061
8479,1,63,01063
15068,1,65,01065
17221,1,67,01067
104173,1,69,01069
52419,1,71,01071
660367,1,73,01073
13886,1,75,01075
92596,1,77,01077
33115,1,79,01079
156993,1,81,01081
91663,1,83,01083
10458,1,85,01085
19105,1,87,01087
353089,1,89,01089
20028,1,91,01091
30168,1,93,01093
94725,1,95,01095
415395,1,97,01097
21673,1,99,01099
226519,1,101,01101
119565,1,103,01103
9652,1,105,01105
20864,1,107,01107
33046,1,109,01109
22696,1,111,01111
59660,1,113,01113
87074,1,115,01115
208713,1,117,01117
13103,1,119,01119
80862,1,121,01121
40844,1,123,01123
20154,1,13,01013
115620,1,15,01015
34123,1,17,01017
25859,1,19,01019
43943,1,21,01021
13170,1,23,01023
24675,1,25,01025
13555,1,27,01027
5830,8,11,08011
319372,8,13,08013
65065,8,14,08014
18658,8,15,08015
1829,8,17,08017
9303,8,19,08019
8130,8,21,08021
3584,8,23,08023
5562,8,25,08025
4445,8,27,08027
29979,8,29,08029
682545,8,31,08031
1978,8,33,08033
322387,8,35,08035
53605,8,37,08037
24735,8,39,08039
674471,8,41,08041
46692,8,43,08043
58095,8,45,08045
5828,8,47,08047
14615,8,49,08049
16067,8,51,08051
774,8,53,08053
6492,8,55,08055
1356,8,57,08057
565524,8,59,08059
1423,8,61,08061
7758,8,63,08063
7485,8,65,08065
54688,8,67,08067
333577,8,69,08069
14058,8,71,08071
5557,8,73,08073
22036,8,75,08075
148513,8,77,08077
726,8,79,08079
12937,8,81,08081
26168,8,83,08083
40946,8,85,08085
28360,8,87,08087
18343,8,89,08089
4691,8,91,08091
16510,8,93,08093
4349,8,95,08095
17787,8,97,08097
11954,8,99,08099
163591,8,101,08101
6571,8,103,08103
11543,8,105,08105
24130,8,107,08107
6251,8,109,08109
701,8,111,08111
7879,8,113,08113
2399,8,115,08115
30257,8,117,08117
23385,8,119,08119
4864,8,121,08121
285174,8,123,08123
10146,8,125,08125
3590886,9,0,09000
948053,9,1,09001
895841,9,3,09003
183603,9,5,09005
164063,9,7,09007
859470,9,9,09009
271863,9,11,09011
151420,9,13,09013
116573,9,15,09015
945934,10,0,10000
173533,10,1,10001
556779,10,3,10003
215622,10,5,10005
672228,11,0,11000
672228,11,1,11001
20271272,12,0,12000
259964,12,1,12001
27420,12,3,12003
181635,12,5,12005
26928,12,7,12007
568088,12,9,12009
1896425,12,11,12011
14462,12,13,12013
173115,12,15,12015
141058,12,17,12017
203967,12,19,12019
357305,12,21,12021
68348,12,23,12023
35458,12,27,12027
16203,12,29,12029
913010,12,31,12031
311003,12,33,12033
105392,12,35,12035
11761,12,37,12037
46036,12,39,12039
17199,12,41,12041
13670,12,43,12043
15871,12,45,12045
14295,12,47,12047
27502,12,49,12049
39119,12,51,12051
178439,12,53,12053
99491,12,55,12055
1349050,12,57,12057
19324,12,59,12059
147919,12,61,12061
48599,12,63,12063
14081,12,65,12065
8663,12,67,12067
325875,12,69,12069
701982,12,71,12071
286272,12,73,12073
39832,12,75,12075
8331,12,77,12077
18408,12,79,12079
363369,12,81,12081
343254,12,83,12083
156283,12,85,12085
2693117,12,86,12086
77482,12,87,12087
78444,12,89,12089
198664,12,91,12091
39469,12,93,12093
1288126,12,95,12095
323993,12,97,12097
1422789,12,99,12099
497909,12,101,12101
949827,12,103,12103
650092,12,105,12105
72023,12,107,12107
226640,12,109,12109
298563,12,111,12111
167040,12,113,12113
405549,12,115,12115
449144,12,117,12117
118891,12,119,12119
43760,12,121,12121
22493,12,123,12123
15234,12,125,12125
517887,12,127,12127
31535,12,129,12129
63508,12,131,12131
24687,12,133,12133
10214860,13,0,13000
18454,13,1,13001
8398,13,3,13003
11299,13,5,13005
3180,13,7,13007
45459,13,9,13009
18495,13,11,13011
75370,13,13,13013
102747,13,15,13015
17403,13,17,13017
18963,13,19,13019
153721,13,21,13021
12243,13,23,13023
18455,13,25,13025
15658,13,27,13027
35137,13,29,13029
72651,13,31,13031
22745,13,33,13033
23593,13,35,13035
6479,13,37,13037
52102,13,39,13039
10886,13,43,13043
114545,13,45,13045
66050,13,47,13047
12965,13,49,13049
286956,13,51,13051
11368,13,53,13053
24922,13,55,13055
235900,13,57,13057
123912,13,59,13059
3141,13,61,13061
273955,13,63,13063
6893,13,65,13065
741334,13,67,13067
43108,13,69,13069
45844,13,71,13071
144052,13,73,13073
17124,13,75,13075
138427,13,77,13077
12388,13,79,13079
22881,13,81,13081
16264,13,83,13083
23312,13,85,13085
27174,13,87,13087
734871,13,89,13089
20882,13,91,13091
14035,13,93,13093
91332,13,95,13095
140733,13,97,13097
10575,13,99,13099
4040,13,101,13101
57106,13,103,13103
19364,13,105,13105
22708,13,107,13107
10787,13,109,13109
24303,13,111,13111
110714,13,113,13113
96504,13,115,13115
212438,13,117,13117
22311,13,119,13119
1010562,13,121,13121
29400,13,123,13123
3065,13,125,13125
83579,13,127,13127
56574,13,129,13129
25205,13,131,13131
16710,13,133,13133
895823,13,135,13135
43996,13,137,13137
193535,13,139,13139
8551,13,141,13141
28854,13,143,13143
33381,13,145,13145
25534,13,147,13147
11539,13,149,13149
217739,13,151,13151
150033,13,153,13153
9245,13,155,13155
63360,13,157,13157
13635,13,159,13159
14920,13,161,13161
16106,13,163,13163
8957,13,165,13165
9656,13,167,13167
28494,13,169,13169
18201,13,171,13171
10312,13,173,13173
47731,13,175,13175
29202,13,177,13177
62467,13,179,13179
7673,13,181,13181
17731,13,183,13183
112865,13,185,13185
31408,13,187,13187
21540,13,189,13189
13969,13,191,13191
13632,13,193,13193
28441,13,195,13195
8761,13,197,13197
21190,13,199,13199
5854,13,201,13201
22574,13,205,13205
27103,13,207,13207
8951,13,209,13209
18046,13,211,13211
39565,13,213,13213
200579,13,215,13215
105473,13,217,13217
35965,13,219,13219
14871,13,221,13221
152238,13,223,13223
26720,13,225,13225
30309,13,227,13227
19103,13,229,13229
8311,5,25,05025
24114,5,27,05027
21019,5,29,05029
104354,5,31,05031
61703,5,33,05033
48963,5,35,05035
17284,5,37,05037
7604,5,39,05039
11965,5,41,05041
18778,5,43,05043
121552,5,45,05045
17702,5,47,05047
12204,5,49,05049
97177,5,51,05051
18102,5,53,05053
44196,5,55,05055
22084,5,57,05057
33426,5,59,05059
13300,5,61,05061
37052,5,63,05063
13445,5,65,05065
17338,5,67,05067
71565,5,69,05069
26141,5,71,05071
6996,5,73,05073
16779,5,75,05075
9650,5,77,05077
13820,5,79,05079
12472,5,81,05081
21714,5,83,05083
71645,5,85,05085
15767,5,87,05087
16185,5,89,05089
43908,5,91,05091
43738,5,93,05093
7399,5,95,05095
8970,5,97,05097
8558,5,99,05099
7913,5,101,05101
24358,5,103,05103
10189,5,105,05105
19513,5,107,05107
10824,5,109,05109
24040,5,111,05111
20216,5,113,05113
63390,5,115,05115
8291,5,117,05117
392664,5,119,05119
17469,5,121,05121
26589,5,123,05123
117460,5,125,05125
10513,5,127,05127
7869,5,129,05129
127780,5,131,05131
17290,5,133,05133
16912,5,135,05135
12456,5,137,05137
40144,5,139,05139
16771,5,141,05141
225477,5,143,05143
79161,5,145,05145
6741,5,147,05147
21713,5,149,05149
39144818,6,0,06000
1638215,6,1,06001
1110,6,3,06003
37001,6,5,06005
225411,6,7,06007
44828,6,9,06009
21482,6,11,06011
1126745,6,13,06013
27254,6,15,06015
184452,6,17,06017
974861,6,19,06019
28017,6,21,06021
135727,6,23,06023
180191,6,25,06025
18260,6,27,06027
882176,6,29,06029
150965,6,31,06031
64591,6,33,06033
31345,6,35,06035
10170292,6,37,06037
154998,6,39,06039
261221,6,41,06041
17531,6,43,06043
87649,6,45,06045
268455,6,47,06047
8965,6,49,06049
13909,6,51,06051
433898,6,53,06053
142456,6,55,06055
98877,6,57,06057
3169776,6,59,06059
375391,6,61,06061
18409,6,63,06063
2361026,6,65,06065
1501335,6,67,06067
58792,6,69,06069
2128133,6,71,06071
3299521,6,73,06073
864816,6,75,06075
726106,6,77,06077
281401,6,79,06079
765135,6,81,06081
444769,6,83,06083
1918044,6,85,06085
274146,6,87,06087
179533,6,89,06089
2967,6,91,06091
43554,6,93,06093
436092,6,95,06095
502146,6,97,06097
538388,6,99,06099
96463,6,101,06101
63308,6,103,06103
13069,6,105,06105
459863,6,107,06107
53709,6,109,06109
850536,6,111,06111
213016,6,113,06113
74492,6,115,06115
5456574,8,0,08000
491337,8,1,08001
16496,8,3,08003
631096,8,5,08005
12352,8,7,08007
3615,8,9,08009
203976,1,125,01125
65294,1,127,01127
16804,1,129,01129
11059,1,131,01131
23877,1,133,01133
738432,2,0,02000
3341,2,13,02013
5702,2,16,02016
298695,2,20,02020
17946,2,50,02050
892,2,60,02060
1919,2,68,02068
4997,2,70,02070
99631,2,90,02090
2534,2,100,02100
2133,2,105,02105
32756,2,110,02110
58059,2,122,02122
13709,2,130,02130
13889,2,150,02150
8119,2,158,02158
1563,2,164,02164
101095,2,170,02170
9846,2,180,02180
9687,2,185,02185
7752,2,188,02188
3177,2,195,02195
6341,2,198,02198
8863,2,220,02220
1057,2,230,02230
6839,2,240,02240
9362,2,261,02261
2382,2,275,02275
613,2,282,02282
5533,2,290,02290
6828065,4,0,04000
71474,4,1,04001
126427,4,3,04003
139097,4,5,04005
53159,4,7,04007
37666,4,9,04009
9529,4,11,04011
20152,4,12,04012
4167947,4,13,04013
204737,4,15,04015
108277,4,17,04017
1010025,4,19,04019
406584,4,21,04021
46461,4,23,04023
222255,4,25,04025
204275,4,27,04027
2978204,5,0,05000
18433,5,1,05001
20838,5,3,05003
41053,5,5,05005
249672,5,7,05007
37222,5,9,05009
11094,5,11,05011
5229,5,13,05013
27704,5,15,05015
11027,5,17,05017
22633,5,19,05019
15109,5,21,05021
25467,5,23,05023
17941,13,231,13231
41524,13,233,13233
11396,13,235,13235
21353,13,237,13237
2302,13,239,13239
16281,13,241,13241
7193,13,243,13243
201793,13,245,13245
88856,13,247,13247
5168,13,249,13249
14162,13,251,13251
8647,13,253,13253
64051,13,255,13255
25586,13,257,13257
5851,13,259,13259
30779,13,261,13261
6337,13,263,13263
1639,13,265,13265
25229,13,267,13267
8330,13,269,13269
16400,13,271,13271
9113,13,273,13273
45063,13,275,13275
40764,13,277,13277
27241,13,279,13279
11182,13,281,13281
6785,13,283,13283
69763,13,285,13285
8214,13,287,13287
8390,13,289,13289
22267,13,291,13291
26368,13,293,13293
68066,13,295,13295
88399,13,297,13297
35370,13,299,13299
5460,13,301,13301
20816,13,303,13303
29534,13,305,13305
2648,13,307,13307
7903,13,309,13309
28319,13,311,13311
104216,13,313,13313
8857,13,315,13315
9867,13,317,13317
9155,13,319,13319
20699,13,321,13321
1431603,15,0,15000
196428,15,1,15001
998714,15,3,15003
89,15,5,15005
71735,15,7,15007
164637,15,9,15009
1654930,16,0,16000
434211,16,1,16001
3843,16,3,16003
83744,16,5,16005
5922,16,7,16007
9052,16,9,16009
44990,16,11,16011
21592,16,13,16013
7058,16,15,16015
41859,16,17,16017
110089,16,19,16019
11318,16,21,16021
2501,16,23,16023
1066,16,25,16025
207478,16,27,16027
6770,16,29,16029
23506,16,31,16031
880,16,33,16033
8496,16,35,16035
4087,16,37,16037
25876,16,39,16039
13074,16,41,16041
12819,16,43,16043
16852,16,45,16045
15284,16,47,16047
16272,16,49,16049
27157,16,51,16051
22814,16,53,16053
150346,16,55,16055
38778,16,57,16057
7735,16,59,16059
3789,16,61,16061
5297,16,63,16063
38273,16,65,16065
20461,16,67,16067
40048,16,69,16069
4281,16,71,16071
11310,16,73,16073
22896,16,75,16075
7648,16,77,16077
12432,16,79,16079
10564,16,81,16081
82375,16,83,16083
10103,16,85,16085
9984,16,87,16087
12859995,17,0,17000
67013,17,1,17001
6780,17,3,17003
16950,17,5,17005
53585,17,7,17007
6829,17,9,17009
33587,17,11,17011
4899,17,13,17013
14616,17,15,17015
12847,17,17,17017
208861,17,19,17019
33642,17,21,17021
15979,17,23,17023
13428,17,25,17025
37786,17,27,17027
52521,17,29,17029
5238216,17,31,17031
19414,17,33,17033
10898,17,35,17035
104352,17,37,17037
16247,17,39,17039
19823,17,41,17041
933736,17,43,17043
17664,17,45,17045
6534,17,47,17047
34371,17,49,17049
22043,17,51,17051
13736,17,53,17053
39485,17,55,17055
35699,17,57,17057
5265,17,59,17059
13241,17,61,17061
50541,17,63,17063
8200,17,65,17065
18543,17,67,17067
4135,17,69,17069
6995,17,71,17071
49489,17,73,17073
28672,17,75,17075
59362,17,77,17077
9607,17,79,17079
38353,17,81,17081
22372,17,83,17083
22086,17,85,17085
12762,17,87,17087
530847,17,89,17089
110879,17,91,17091
123355,17,93,17093
51441,17,95,17095
703910,17,97,17097
111333,17,99,17099
16491,17,101,17101
34584,17,103,17103
36671,17,105,17105
29494,17,107,17107
31333,17,109,17109
307343,17,111,17111
173166,17,113,17113
107303,17,115,17115
46045,17,117,17117
266209,17,119,17119
38339,17,121,17121
11982,17,123,17123
13701,17,125,17125
14766,17,127,17127
12444,17,129,17129
15858,17,131,17131
33879,17,133,17133
28898,17,135,17135
34828,17,137,17137
14931,17,139,17139
51659,17,141,17141
186221,17,143,17143
21543,17,145,17145
16387,17,147,17147
15989,17,149,17149
4226,17,151,17151
5678,17,153,17153
5644,17,155,17155
32852,17,157,17157
16029,17,159,17159
146133,17,161,17161
264052,17,163,17163
24548,17,165,17165
198712,17,167,17167
7032,17,169,17169
5092,17,171,17171
21775,17,173,17173
5788,17,175,17175
45749,17,177,17177
134800,17,179,17179
17408,17,181,17181
79282,17,183,17183
11542,17,185,17185
17527,17,187,17187
14270,17,189,17189
16423,17,191,17191
14327,17,193,17193
57079,17,195,17195
687263,17,197,17197
67466,17,199,17199
287078,17,201,17201
39227,17,203,17203
6619680,18,0,18000
34980,18,1,18001
368450,18,3,18003
81162,18,5,18005
8681,18,7,18007
12298,18,9,18009
63344,18,11,18011
14977,18,13,18013
19856,18,15,18015
37979,18,17,18017
115371,18,19,18019
26503,18,21,18021
32609,18,23,18023
10483,18,25,18025
32906,18,27,18027
49455,18,29,18029
26521,18,31,18031
42589,18,33,18033
116852,18,35,18035
42461,18,37,18037
203474,18,39,18039
23434,18,41,18041
76778,18,43,18043
16591,18,45,18045
22872,18,47,18047
20315,18,49,18049
33775,18,51,18051
67979,18,53,18053
32441,18,55,18055
309697,18,57,18057
72520,18,59,18059
39578,18,61,18061
158192,18,63,18063
48985,18,65,18065
82556,18,67,18067
36630,18,69,18069
44069,18,71,18071
33470,18,73,18073
21121,18,75,18075
32416,18,77,18077
27897,18,79,18079
149633,18,81,18081
37927,18,83,18083
78620,18,85,18085
38809,18,87,18087
487865,18,89,18089
110884,18,91,18091
45495,18,93,18093
129723,18,95,18095
939020,18,97,18097
46857,18,99,18099
10226,18,101,18101
35862,18,103,18103
144705,18,105,18105
38227,18,107,18107
69648,18,109,18109
14008,18,111,18111
47733,18,113,18113
5938,18,115,18115
19605,18,117,18117
20872,18,119,18119
16901,18,121,18121
19347,18,123,18123
12594,18,125,18125
167688,18,127,18127
25512,18,129,18129
12889,18,131,18131
37585,18,133,18133
25172,18,135,18135
28701,18,137,18137
16672,18,139,18139
268441,18,141,18141
23744,18,143,18143
44478,18,145,18145
20715,18,147,18147
22958,18,149,18149
34372,18,151,18151
20928,18,153,18153
10524,18,155,18155
185826,18,157,18157
15267,18,159,18159
7182,18,161,18161
181877,18,163,18163
15692,18,165,18165
107896,18,167,18167
32138,18,169,18169
8269,18,171,18171
61897,18,173,18173
27827,18,175,18175
67001,18,177,18177
27964,18,179,18179
24293,18,181,18181
33406,18,183,18183
3123899,19,0,19000
7228,19,1,19001
3796,19,3,19003
13886,19,5,19005
12529,19,7,19007
5773,19,9,19009
25658,19,11,19011
133455,19,13,19013
26643,19,15,19015
24722,19,17,19017
21062,19,19,19019
20493,19,21,19021
14915,19,23,19023
9818,19,25,19025
20498,19,27,19027
13427,19,29,19029
18340,19,31,19031
43017,19,33,19033
11574,19,35,19035
12097,19,37,19037
9259,19,39,19039
16507,19,41,19041
17644,19,43,19043
47768,19,45,19045
17094,19,47,19047
80133,19,49,19049
8769,19,51,19051
8220,19,53,19053
17403,19,55,19055
40055,19,57,19057
17111,19,59,19059
97125,19,61,19061
9769,19,63,19063
20257,19,65,19065
15960,19,67,19067
10295,19,69,19069
6906,19,71,19071
9027,19,73,19073
12435,19,75,19075
10676,19,77,19077
15190,19,79,19079
10974,19,81,19081
17367,19,83,19083
14265,19,85,19085
19950,19,87,19087
9410,19,89,19089
9555,19,91,19091
7028,19,93,19093
16401,19,95,19095
19444,19,97,19097
36827,19,99,19099
17555,19,101,19101
144251,19,103,19103
20466,19,105,19105
10163,19,107,19107
15165,19,109,19109
35089,19,111,19111
219916,19,113,19113
11185,19,115,19115
8682,19,117,19117
11745,19,119,19119
15753,19,121,19121
22324,19,123,19123
33294,19,125,19125
40746,19,127,19127
14844,19,129,19129
10832,19,131,19131
8979,19,133,19133
7973,19,135,19135
10234,19,137,19137
43011,19,139,19139
13984,19,141,19141
6154,19,143,19143
15527,19,145,19145
9133,19,147,19147
24800,19,149,19149
7008,19,151,19151
467711,19,153,19153
93671,19,155,19155
18550,19,157,19157
5068,19,159,19159
10021,19,161,19161
172126,19,163,19163
11927,19,165,19165
34937,19,167,19167
96021,19,169,19169
17337,19,171,19171
6205,19,173,19173
12469,19,175,19175
7344,19,177,19177
35173,19,179,19179
48626,19,181,19181
22247,19,183,19183
6385,19,185,19185
37071,19,187,19187
10609,19,189,19189
20709,19,191,19191
102782,19,193,19193
7569,19,195,19195
12773,19,197,19197
2911641,20,0,20000
12717,20,1,20001
7808,20,3,20003
16398,20,5,20005
4823,20,7,20007
27103,20,9,20009
14712,20,11,20011
9776,20,13,20013
66741,20,15,20015
2679,20,17,20017
3402,20,19,20019
20533,20,21,20021
2679,20,23,20023
2096,20,25,20025
8347,20,27,20027
9219,20,29,20029
8384,20,31,20031
1843,20,33,20033
35788,20,35,20035
39217,20,37,20037
2932,20,39,20039
19303,20,41,20041
7797,20,43,20043
118053,20,45,20045
2968,20,47,20047
2605,20,49,20049
29029,20,51,20051
6343,20,53,20053
37118,20,55,20055
34536,20,57,20057
25609,20,59,20059
37030,20,61,20061
2640,20,63,20063
2591,20,65,20065
7733,20,67,20067
6133,20,69,20069
1330,20,71,20071
6244,20,73,20073
2474,20,75,20075
5817,20,77,20077
35073,20,79,20079
4064,20,81,20081
1893,20,83,20083
13338,20,85,20085
18930,20,87,20087
2970,20,89,20089
580159,20,91,20091
3956,20,93,20093
7687,20,95,20095
2564,20,97,20097
20803,20,99,20099
1670,20,101,20101
79315,20,103,20103
3105,20,105,20105
9536,20,107,20107
2825,20,109,20109
33339,20,111,20111
28941,20,113,20113
12103,20,115,20115
9936,20,117,20117
4330,20,119,20119
32553,20,121,20121
6282,20,123,20123
33314,20,125,20125
5645,20,127,20127
3007,20,129,20129
10227,20,131,20131
16346,20,133,20133
3005,20,135,20135
5550,20,137,20137
15847,20,139,20139
3683,20,141,20141
5975,20,143,20143
6838,20,145,20145
5428,20,147,20147
23298,20,149,20149
9691,20,151,20151
2506,20,153,20153
63718,20,155,20155
4725,20,157,20157
9977,20,159,20159
75247,20,161,20161
5174,20,163,20163
3130,20,165,20165
7039,20,167,20167
55691,20,169,20169
4964,20,171,20171
511574,20,173,20173
23152,20,175,20175
178725,20,177,20177
2512,20,179,20179
5983,20,181,20181
3704,20,183,20183
4236,20,185,20185
2072,20,187,20187
5806,20,189,20189
23535,20,191,20191
7904,20,193,20193
2927,20,195,20195
6951,20,197,20197
1518,20,199,20199
5598,20,201,20201
2157,20,203,20203
8856,20,205,20205
3115,20,207,20207
163369,20,209,20209
4425092,21,0,21000
19027,21,1,21001
20640,21,3,21003
21979,21,5,21005
8212,21,7,21007
43570,21,9,21009
12228,21,11,21011
27337,21,13,21013
127712,21,15,21015
20116,21,17,21017
48325,21,19,21019
29809,21,21,21021
8321,21,23,21023
13484,21,25,21025
20018,21,27,21027
78702,21,29,21029
12938,21,31,21031
12681,21,33,21033
38343,21,35,21035
92066,21,37,21037
4874,21,39,21039
10699,21,41,21041
27158,21,43,21043
15808,21,45,21045
73309,21,47,21047
35757,21,49,21049
21013,21,51,21051
10174,21,53,21053
9183,21,55,21055
6759,21,57,21057
99259,21,59,21059
12007,21,61,21061
7648,21,63,21063
14375,21,65,21065
314488,21,67,21067
14637,21,69,21069
37756,21,71,21071
50375,21,73,21073
6238,21,75,21075
8636,21,77,21077
17237,21,79,21079
24757,21,81,21081
37421,21,83,21083
26221,21,85,21085
11010,21,87,21087
36068,21,89,21089
8692,21,91,21091
106439,21,93,21093
27703,21,95,21095
18763,21,97,21097
18454,21,99,21099
46407,21,101,21101
15620,21,103,21103
4612,21,105,21105
46222,21,107,21107
13352,21,109,21109
763623,21,111,21111
51961,21,113,21113
23175,21,115,21115
165012,21,117,21117
15693,21,119,21119
31730,21,121,21121
14241,21,123,21123
60094,21,125,21125
15745,21,127,21127
6752,21,129,21129
10711,21,131,21131
23123,21,133,21133
13682,21,135,21135
24463,21,137,21137
9316,21,139,21139
26910,21,141,21141
8306,21,143,21143
65018,21,145,21145
17878,21,147,21147
9512,21,149,21149
87824,21,151,21151
12808,21,153,21153
19365,21,155,21155
31101,21,157,21157
12307,21,159,21159
17099,21,161,21161
27924,21,163,21163
6358,21,165,21165
21407,21,167,21167
9909,21,169,21169
10667,21,171,21171
27608,21,173,21173
13275,21,175,21175
31183,21,177,21177
45126,21,179,21179
7131,21,181,21181
24216,21,183,21183
64875,21,185,21185
10730,21,187,21187
4461,21,189,21189
14408,21,191,21191
27565,21,193,21193
61792,21,195,21195
12269,21,197,21197
63782,21,199,21199
2138,21,201,21201
16942,21,203,21203
23892,21,205,21205
17662,21,207,21207
52420,21,209,21209
45632,21,211,21211
18006,21,213,21213
17894,21,215,21215
25420,21,217,21217
12531,21,219,21219
14233,21,221,21221
8769,21,223,21223
15050,21,225,21225
122851,21,227,21227
12063,21,229,21229
20464,21,231,21231
13170,21,233,21233
36129,21,235,21235
7259,21,237,21237
25793,21,239,21239
4670724,22,0,22000
62577,22,1,22001
25683,22,3,22003
119455,22,5,22005
22842,22,7,22007
41103,22,9,22009
36462,22,11,22011
13786,22,13,22013
125175,22,15,22015
251460,22,17,22017
198788,22,19,22019
9993,22,21,22021
6817,22,23,22023
10147,22,25,22025
16295,22,27,22027
20142,22,29,22029
27052,22,31,22031
446753,22,33,22033
7307,22,35,22035
19696,22,37,22037
33743,22,39,22039
20410,22,41,22041
22343,22,43,22043
74103,22,45,22045
33095,22,47,22047
15858,22,49,22049
436275,22,51,22051
31439,22,53,22053
240098,22,55,22055
98325,22,57,22057
14974,22,59,22059
47774,22,61,22061
137788,22,63,22063
11514,22,65,22065
26395,22,67,22067
39179,22,69,22069
389617,22,71,22071
156761,22,73,22073
23495,22,75,22075
22251,22,77,22077
132141,22,79,22079
8593,22,81,22081
20523,22,83,22083
24186,22,85,22085
45408,22,87,22087
52812,22,89,22089
10567,22,91,22091
21567,22,93,22093
43626,22,95,22095
83848,22,97,22097
53835,22,99,22099
52810,22,101,22101
250088,22,103,22103
128755,22,105,22105
4740,22,107,22107
113972,22,109,22109
22477,22,111,22111
59875,22,113,22113
50803,22,115,22115
46371,22,117,22117
40021,22,119,22119
25490,22,121,22121
11293,22,123,22123
15385,22,125,22125
14568,22,127,22127
1329328,23,0,23000
107233,23,1,23001
68628,23,3,23003
289977,23,5,23005
29991,23,7,23007
54659,23,9,23009
119980,23,11,23011
39855,23,13,23013
33969,23,15,23015
57202,23,17,23017
152692,23,19,23019
16931,23,21,23021
35149,23,23,23023
51113,23,25,23025
39155,23,27,23027
31625,23,29,23029
201169,23,31,23031
6006401,24,0,24000
72528,24,1,24001
564195,24,3,24003
831128,24,5,24005
90595,24,9,24009
32579,24,11,24011
167627,24,13,24013
102382,24,15,24015
156118,24,17,24017
32384,24,19,24019
245322,24,21,24021
29460,24,23,24023
250290,24,25,24025
313414,24,27,24027
19787,24,29,24029
1040116,24,31,24031
909535,24,33,24033
48904,24,35,24035
111413,24,37,24037
25768,24,39,24039
37512,24,41,24041
149585,24,43,24043
102370,24,45,24045
51540,24,47,24047
621849,24,510,24510
6794422,25,0,25000
214333,25,1,25001
127828,25,3,25003
556772,25,5,25005
17299,25,7,25007
776043,25,9,25009
70601,25,11,25011
470690,25,13,25013
161292,25,15,25015
1585139,25,17,25017
10925,25,19,25019
696023,25,21,25021
510393,25,23,25023
778121,25,25,25025
818963,25,27,25027
9922576,26,0,26000
10349,26,1,26001
9383,26,3,26003
114625,26,5,26005
28803,26,7,26007
23154,26,9,26009
15261,26,11,26011
8575,26,13,26013
59314,26,15,26015
105659,26,17,26017
17457,26,19,26019
154636,26,21,26021
43664,26,23,26023
134314,26,25,26025
51657,26,27,26027
26238,26,29,26029
25427,26,31,26031
38033,26,33,26033
30553,26,35,26035
77390,26,37,26037
13801,26,39,26039
36377,26,41,26041
25788,26,43,26043
108801,26,45,26045
33161,26,47,26047
410849,26,49,26049
25164,26,51,26051
15431,26,53,26053
91636,26,55,26055
41540,26,57,26057
45941,26,59,26059
36380,26,61,26061
31883,26,63,26063
286085,26,65,26065
64223,26,67,26067
25345,26,69,26069
11348,26,71,26071
70698,26,73,26073
159494,26,75,26075
260263,26,77,26077
17260,26,79,26079
636369,26,81,26081
2168,26,83,26083
11424,26,85,26085
88373,26,87,26087
21981,26,89,26089
98573,26,91,26091
187316,26,93,26093
6415,26,95,26095
10890,26,97,26097
864840,26,99,26099
24461,26,101,26101
67215,26,103,26103
28783,26,105,26105
43067,26,107,26107
23548,26,109,26109
83632,26,111,26111
14903,26,113,26113
149568,26,115,26115
62945,26,117,26117
9259,26,119,26119
172790,26,121,26121
47948,26,123,26123
1242304,26,125,26125
26105,26,127,26127
20937,26,129,26129
6007,26,131,26131
23058,26,133,26133
8251,26,135,26135
24253,26,137,26137
279955,26,139,26139
12841,26,141,26141
23898,26,143,26143
193307,26,145,26145
159875,26,147,26147
61018,26,149,26149
41475,26,151,26151
8173,26,153,26153
68619,26,155,26155
53777,26,157,26157
75077,26,159,26159
358880,26,161,26161
1759335,26,163,26163
33003,26,165,26165
5489594,27,0,27000
15702,27,1,27001
344151,27,3,27003
33386,27,5,27005
45672,27,7,27007
39710,27,9,27009
5040,27,11,27011
65787,27,13,27013
25313,27,15,27015
35569,27,17,27017
98741,27,19,27019
28706,27,21,27021
12109,27,23,27023
54293,27,25,27025
62324,27,27,27027
8803,27,29,27029
5194,27,31,27031
11549,27,33,27033
63428,27,35,27035
414686,27,37,27037
20364,27,39,27039
37075,27,41,27041
14050,27,43,27043
20834,27,45,27045
30613,27,47,27047
46435,27,49,27049
5903,27,51,27051
1223149,27,53,27053
18773,27,55,27055
20655,27,57,27057
38429,27,59,27059
45435,27,61,27061
10079,27,63,27063
15837,27,65,27065
42542,27,67,27067
4424,27,69,27069
12841,27,71,27071
6856,27,73,27073
10631,27,75,27075
3923,27,77,27077
27663,27,79,27079
5771,27,81,27081
25673,27,83,27083
35932,27,85,27085
5457,27,87,27087
9423,27,89,27089
20022,27,91,27091
23102,27,93,27093
25788,27,95,27095
32775,27,97,27097
39116,27,99,27099
8413,27,101,27101
33347,27,103,27103
21770,27,105,27105
6678,27,107,27107
151436,27,109,27109
57716,27,111,27111
14219,27,113,27113
29069,27,115,27115
9271,27,117,27117
31533,27,119,27119
11041,27,121,27121
538133,27,123,27123
4055,27,125,27125
15471,27,127,27127
14892,27,129,27129
65400,27,131,27131
9600,27,133,27133
15770,27,135,27135
200431,27,137,27137
141660,27,139,27139
91705,27,141,27141
14875,27,143,27143
154708,27,145,27145
36755,27,147,27147
9796,27,149,27149
9340,27,151,27151
24257,27,153,27153
3401,27,155,27155
21239,27,157,27157
13875,27,159,27159
18989,27,161,27161
251597,27,163,27163
10952,27,165,27165
6396,27,167,27167
50885,27,169,27169
131311,27,171,27171
9875,27,173,27173
2992333,28,0,28000
31254,28,1,28001
37388,28,3,28003
12574,28,5,28005
19043,28,7,28007
8182,28,9,28009
33322,28,11,28011
14717,28,13,28013
10243,28,15,28015
17328,28,17,28017
8299,28,19,28019
9150,28,21,28021
16006,28,23,28023
20048,28,25,28025
24620,28,27,28027
28773,28,29,28029
19543,28,31,28031
173323,28,33,28033
75944,28,35,28035
7743,28,37,28037
23373,28,39,28039
13522,28,41,28041
21578,28,43,28043
46420,28,45,28045
201410,28,47,28047
242891,28,49,28049
18340,28,51,28051
8669,28,53,28053
1337,28,55,28055
23609,28,57,28057
141425,28,59,28059
16569,28,61,28061
7507,28,63,28063
11665,28,65,28065
68215,28,67,28067
9969,28,69,28069
53154,28,71,28071
60618,28,73,28073
78524,28,75,28075
12622,28,77,28077
22763,28,79,28079
85300,28,81,28081
30999,28,83,28083
34649,28,85,28085
59710,28,87,28087
103465,28,89,28089
25563,28,91,28091
35916,28,93,28093
35827,28,95,28095
10152,28,97,28097
29463,28,99,28099
21747,28,101,28101
11043,28,103,28103
49800,28,105,28105
34167,28,107,28107
55191,28,109,28109
12277,28,111,28111
39956,28,113,28113
30908,28,115,28115
25459,28,117,28117
7486,28,119,28119
149039,28,121,28121
28265,28,123,28123
4585,28,125,28125
27222,28,127,28127
16059,28,129,28129
18070,28,131,28131
27005,28,133,28133
14588,28,135,28135
28296,28,137,28137
22131,28,139,28139
19552,28,141,28141
10343,28,143,28143
28429,28,145,28145
14638,28,147,28147
47485,28,149,28149
48130,28,151,28151
20566,28,153,28153
9899,28,155,28155
9122,28,157,28157
18317,28,159,28159
12447,28,161,28161
27387,28,163,28163
6083672,29,0,29000
25378,29,1,29001
17296,29,3,29003
5306,29,5,29005
26096,29,7,29007
35829,29,9,29009
11880,29,11,29011
16446,29,13,29013
18670,29,15,29015
12182,29,17,29017
174974,29,19,29019
89100,29,21,29021
42951,29,23,29023
9014,29,25,29025
44834,29,27,29027
44237,29,29,29029
78572,29,31,29031
8992,29,33,29033
6263,29,35,29035
101603,29,37,29037
13934,29,39,29039
7589,29,41,29041
83279,29,43,29043
6801,29,45,29045
235637,29,47,29047
20609,29,49,29049
76720,29,51,29051
17642,29,53,29053
24526,29,55,29055
7595,29,57,29057
16393,29,59,29059
8253,29,61,29061
12687,29,63,29063
15593,29,65,29065
13373,29,67,29067
30895,29,69,29069
102426,29,71,29071
14858,29,73,29073
6692,29,75,29075
288072,29,77,29077
10097,29,79,29079
8615,29,81,29081
21737,29,83,29083
9201,29,85,29085
4484,29,87,29087
10139,29,89,29089
40117,29,91,29091
10125,29,93,29093
687623,29,95,29095
118596,29,97,29097
224124,29,99,29099
53951,29,101,29101
3910,29,103,29103
35473,29,105,29105
32701,29,107,29107
38180,29,109,29109
10207,29,111,29111
54696,29,113,29113
12308,29,115,29115
15028,29,117,29117
22643,29,119,29119
15335,29,121,29121
12408,29,123,29123
8963,29,125,29125
28880,29,127,29127
3694,29,129,29129
25113,29,131,29131
14036,29,133,29133
15963,29,135,29135
8583,29,137,29137
11703,29,139,29139
20171,29,141,29141
18208,29,143,29143
58615,29,145,29145
22810,29,147,29147
10953,29,149,29149
13628,29,151,29151
9409,29,153,29153
17482,29,155,29155
19183,29,157,29157
42255,29,159,29159
44794,29,161,29161
18348,29,163,29163
96096,29,165,29165
31229,29,167,29167
53221,29,169,29169
4858,29,171,29171
10196,29,173,29173
25104,29,175,29175
22810,29,177,29177
6432,29,179,29179
13802,29,181,29181
385590,29,183,29183
9440,29,185,29185
17919,29,186,29186
66520,29,187,29187
1003362,29,189,29189
23258,29,195,29195
4436,29,197,29197
4854,29,199,29199
39008,29,201,29201
8258,29,203,29203
6128,29,205,29205
29862,29,207,29207
30943,29,209,29209
6353,29,211,29211
54592,29,213,29213
25690,29,215,29215
20826,29,217,29217
33513,29,219,29219
24788,29,221,29221
13405,29,223,29223
37483,29,225,29225
2057,29,227,29227
18268,29,229,29229
315685,29,510,29510
1032949,30,0,30000
9300,30,1,30001
13242,30,3,30003
6577,30,5,30005
5689,30,7,30007
10408,30,9,30009
1180,30,11,30011
82278,30,13,30013
5767,30,15,30015
12135,30,17,30017
1760,30,19,30019
9625,30,21,30021
9139,30,23,30023
3190,30,25,30025
11427,30,27,30027
96165,30,29,30029
100739,30,31,30031
1314,30,33,30033
13647,30,35,30035
827,30,37,30037
3240,30,39,30039
16572,30,41,30041
11645,30,43,30043
1926,30,45,30045
29457,30,47,30047
66418,30,49,30049
2408,30,51,30051
19052,30,53,30053
1683,30,55,30055
7915,30,57,30057
1830,30,59,30059
4251,30,61,30061
114181,30,63,30063
4582,30,65,30065
15972,30,67,30067
475,30,69,30069
4169,30,71,30071
6184,30,73,30073
1773,30,75,30075
6840,30,77,30077
1160,30,79,30079
41373,30,81,30081
11960,30,83,30083
11476,30,85,30085
9398,30,87,30087
11336,30,89,30089
3687,30,91,30091
34622,30,93,30093
9486,30,95,30095
3634,30,97,30097
6104,30,99,30099
5087,30,101,30101
697,30,103,30103
7659,30,105,30105
2110,30,107,30107
1130,30,109,30109
157048,30,111,30111
1896190,31,0,31000
31587,31,1,31001
6414,31,3,31003
456,31,5,31005
788,31,7,31007
487,31,9,31009
5315,31,11,31011
11337,31,13,31013
2006,31,15,31015
2946,31,17,31017
48863,31,19,31019
6585,31,21,31021
8115,31,23,31023
25512,31,25,31025
8564,31,27,31027
3956,31,29,31029
5848,31,31,31031
10167,31,33,31033
6309,31,35,31035
10520,31,37,31037
9125,31,39,31039
10806,31,41,31041
20781,31,43,31043
9055,31,45,31045
23886,31,47,31047
1921,31,49,31049
5797,31,51,31051
36706,31,53,31053
550064,31,55,31055
1799,31,57,31057
5619,31,59,31059
2985,31,61,31061
2624,31,63,31063
4862,31,65,31065
21900,31,67,31067
1918,31,69,31069
2028,31,71,31071
1973,31,73,31073
641,31,75,31075
2429,31,77,31077
61680,31,79,31079
9190,31,81,31081
3452,31,83,31083
932,31,85,31085
2883,31,87,31087
10313,31,89,31089
732,31,91,31091
6409,31,93,31093
7263,31,95,31095
5173,31,97,31097
6585,31,99,31099
8063,31,101,31101
804,31,103,31103
3689,31,105,31105
8543,31,107,31107
306468,31,109,31109
35656,31,111,31111
777,31,113,31113
585,31,115,31115
475,31,117,31117
35039,31,119,31119
7787,31,121,31121
4854,31,123,31123
3595,31,125,31125
7046,31,127,31127
4329,31,129,31129
15984,31,131,31131
2659,31,133,31133
2944,31,135,31135
9296,31,137,31137
7208,31,139,31139
32847,31,141,31141
5202,31,143,31143
10829,31,145,31145
8094,31,147,31147
1381,31,149,31149
14282,31,151,31151
175692,31,153,31153
21016,31,155,31155
36261,31,157,31157
17110,31,159,31159
5220,31,161,31161
3091,31,163,31163
1260,31,165,31165
5937,31,167,31167
5163,31,169,31169
684,31,171,31171
7064,31,173,31173
4154,31,175,31175
20248,31,177,31177
9367,31,179,31179
3625,31,181,31181
750,31,183,31183
13806,31,185,31185
2890845,32,0,32000
24200,32,1,32001
2114801,32,3,32003
47710,32,5,32005
51935,32,7,32007
829,32,9,32009
2016,32,11,32011
17019,32,13,32013
5903,32,15,32015
5036,32,17,32017
52585,32,19,32019
4478,32,21,32021
42477,32,23,32023
6634,32,27,32027
3987,32,29,32029
446903,32,31,32031
9811,32,33,32033
54521,32,510,32510
1330608,33,0,33000
60641,33,1,33001
47285,33,3,33003
75909,33,5,33005
31212,33,7,33007
89320,33,9,33009
406678,33,11,33011
147994,33,13,33013
301777,33,15,33015
126825,33,17,33017
42967,33,19,33019
8958013,34,0,34000
274219,34,1,34001
938506,34,3,34003
450226,34,5,34005
510923,34,7,34007
94727,34,9,34009
155854,34,11,34011
797434,34,13,34013
291479,34,15,34015
674836,34,17,34017
125488,34,19,34019
371398,34,21,34021
840900,34,23,34023
628715,34,25,34025
499509,34,27,34027
588721,34,29,34029
510916,34,31,34031
64180,34,33,34033
333654,34,35,34035
143673,34,37,34037
555786,34,39,34039
106869,34,41,34041
2085109,35,0,35000
676685,35,1,35001
3456,35,3,35003
65764,35,5,35005
27329,35,6,35006
12414,35,7,35007
50398,35,9,35009
1828,35,11,35011
214295,35,13,35013
57578,35,15,35015
28609,35,17,35017
4371,35,19,35019
698,35,21,35021
4423,35,23,35023
71180,35,25,35025
19420,35,27,35027
17785,35,28,35028
24518,35,29,35029
76708,35,31,35031
4596,35,33,35033
64362,35,35,35035
8455,35,37,35037
39465,35,39,35039
19120,35,41,35041
139394,35,43,35043
118737,35,45,35045
27967,35,47,35047
148686,35,49,35049
11282,35,51,35051
17256,35,53,35053
32907,35,55,35055
15485,35,57,35057
4201,35,59,35059
75737,35,61,35061
19795791,36,0,36000
309381,36,1,36001
47462,36,3,36003
1455444,36,5,36005
196567,36,7,36007
77922,36,9,36009
78288,36,11,36011
130779,36,13,36013
87071,36,15,36015
48844,36,17,36017
81251,36,19,36019
61509,36,21,36021
48494,36,23,36023
46053,36,25,36025
295754,36,27,36027
922578,36,29,36029
38478,36,31,36031
50660,36,33,36033
53992,36,35,36035
58937,36,37,36037
47625,36,39,36039
4712,36,41,36041
63100,36,43,36043
117635,36,45,36045
2636735,36,47,36047
26957,36,49,36049
64717,36,51,36051
71849,36,53,36053
749600,36,55,36055
49642,36,57,36057
1361350,36,59,36059
1644518,36,61,36061
212652,36,63,36063
232500,36,65,36065
468463,36,67,36067
109561,36,69,36069
377647,36,71,36071
41582,36,73,36073
120146,36,75,36075
60636,36,77,36077
99042,36,79,36079
2339150,36,81,36081
160266,36,83,36083
474558,36,85,36085
326037,36,87,36087
111007,36,89,36089
226249,36,91,36091
154604,36,93,36093
31330,36,95,36095
18186,36,97,36097
34833,36,99,36099
97631,36,101,36101
1501587,36,103,36103
74877,36,105,36105
49453,36,107,36107
104926,36,109,36109
180143,36,111,36111
64688,36,113,36113
62230,36,115,36115
91446,36,117,36117
976396,36,119,36119
41013,36,121,36121
25048,36,123,36123
10042802,37,0,37000
158276,37,1,37001
37325,37,3,37003
10837,37,5,37005
25759,37,7,37007
27020,37,9,37009
17689,37,11,37011
47651,37,13,37013
20199,37,15,37015
34318,37,17,37017
122765,37,19,37019
253178,37,21,37021
88842,37,23,37023
196762,37,25,37025
81287,37,27,37027
10309,37,29,37029
68879,37,31,37031
22941,37,33,37033
155056,37,35,37035
70928,37,37,37037
27178,37,39,37039
14394,37,41,37041
10703,37,43,37043
96879,37,45,37045
56694,37,47,37047
103451,37,49,37049
323838,37,51,37051
25263,37,53,37053
35663,37,55,37055
164622,37,57,37057
41753,37,59,37059
59159,37,61,37061
300952,37,63,37063
54150,37,65,37065
369019,37,67,37067
63710,37,69,37069
213442,37,71,37071
11431,37,73,37073
8616,37,75,37075
58674,37,77,37077
21134,37,79,37079
517600,37,81,37081
52456,37,83,37083
128140,37,85,37085
59868,37,87,37087
112655,37,89,37089
24184,37,91,37091
52671,37,93,37093
5526,37,95,37095
169866,37,97,37097
41265,37,99,37099
185660,37,101,37101
10013,37,103,37103
59660,37,105,37105
58106,37,107,37107
81035,37,109,37109
44989,37,111,37111
34201,37,113,37113
21139,37,115,37115
23357,37,117,37117
1034070,37,119,37119
15246,37,121,37121
27548,37,123,37123
94352,37,125,37125
93919,37,127,37127
220358,37,129,37129
20426,37,131,37131
186311,37,133,37133
141354,37,135,37135
12781,37,137,37137
39829,37,139,37139
57611,37,141,37141
13440,37,143,37143
39259,37,145,37145
175842,37,147,37147
20366,37,149,37149
142799,37,151,37151
45437,37,153,37153
134197,37,155,37155
91758,37,157,37157
139142,37,159,37159
66390,37,161,37161
63724,37,163,37163
35509,37,165,37165
60714,37,167,37167
46351,37,169,37169
72743,37,171,37171
14434,37,173,37173
33211,37,175,37175
4070,37,177,37177
222742,37,179,37179
44568,37,181,37181
1024198,37,183,37183
20155,37,185,37185
12385,37,187,37187
52906,37,189,37189
124132,37,191,37191
68502,37,193,37193
81714,37,195,37195
37585,37,197,37197
17587,37,199,37199
756927,38,0,38000
2359,38,1,38001
11099,38,3,38003
6753,38,5,38005
936,38,7,38007
6716,38,9,38009
3294,38,11,38011
2308,38,13,38013
92991,38,15,38015
171512,38,17,38017
3828,38,19,38019
5104,38,21,38021
2450,38,23,38023
4646,38,25,38025
2365,38,27,38027
3402,38,29,38029
3356,38,31,38031
1845,38,33,38033
70916,38,35,38035
2388,38,37,38037
2314,38,39,38039
2704,38,41,38041
2417,38,43,38043
104236,54,61,54061
13506,54,63,54063
17524,54,65,54065
25594,54,67,54067
43066,54,69,54069
7229,54,71,54071
7674,54,73,54073
8607,54,75,54075
33940,54,77,54077
56848,54,79,54079
77510,54,81,54081
29126,54,83,54083
9982,54,85,54085
14435,54,87,54087
13239,54,89,54089
16912,54,91,54091
6966,54,93,54093
8975,54,95,54095
24758,54,97,54097
40971,54,99,54099
8755,54,101,54101
15816,54,103,54103
5880,54,105,54105
86452,54,107,54107
22151,54,109,54109
5771337,55,0,55000
20148,55,1,55001
15843,55,3,55003
45563,55,5,55005
14977,55,7,55007
258718,55,9,55009
13192,55,11,55011
15159,55,13,55013
49762,55,15,55015
63531,55,17,55017
34445,55,19,55019
56743,55,21,55021
16391,55,23,55023
523643,55,25,55025
88502,55,27,55027
27554,55,29,55029
43601,55,31,55031
44497,55,33,55033
102105,55,35,55035
4464,55,37,55037
101973,55,39,55039
9057,55,41,55041
52250,55,43,55043
37186,55,45,55045
18856,55,47,55047
23813,55,49,55049
5794,55,51,55051
20554,55,53,55053
84559,55,55,55055
26224,55,57,55057
168437,55,59,55059
20366,55,61,55061
118212,55,63,55063
16829,55,65,55065
19223,55,67,55067
27980,55,69,55069
79806,55,71,55071
135868,55,73,55073
40884,55,75,55075
15075,55,77,55077
4573,55,78,55078
957735,55,79,55079
45549,55,81,55081
37435,55,83,55083
35567,55,85,55085
183245,55,87,55087
87850,55,89,55089
7290,55,91,55091
40889,55,93,55093
43441,55,95,55095
70408,55,97,55097
13645,55,99,55099
195080,55,101,55101
17495,55,103,55103
161448,55,105,55105
14124,55,107,55107
87513,55,109,55109
63642,55,111,55111
16376,55,113,55113
41304,55,115,55115
115569,55,117,55117
20455,55,119,55119
29550,55,121,55121
30506,55,123,55123
21387,55,125,55125
102804,55,127,55127
15552,55,129,55129
133674,55,131,55131
396488,55,133,55133
51945,55,135,55135
24033,55,137,55137
169546,55,139,55139
73435,55,141,55141
586107,56,0,56000
37956,56,1,56001
12022,56,3,56003
49220,56,5,56005
15559,56,7,56007
14236,56,9,56009
7444,56,11,56011
40315,56,13,56013
13383,56,15,56015
4741,56,17,56017
8585,56,19,56019
97121,56,21,56021
18722,56,23,56023
82178,56,25,56025
2542,56,27,56027
29228,56,29,56029
8812,56,31,56031
30009,56,33,56033
9899,56,35,56035
44626,56,37,56037
23125,56,39,56039
20822,56,41,56041
8328,56,43,56043
7234,56,45,56045
4125,38,45,38045
1935,38,47,38047
5968,38,49,38049
2759,38,51,38051
12826,38,53,38053
9744,38,55,38055
8853,38,57,38057
30310,38,59,38059
10331,38,61,38061
2968,38,63,38063
1846,38,65,38065
7091,38,67,38067
4312,38,69,38069
11630,38,71,38071
5448,38,73,38073
2571,38,75,38075
16402,38,77,38077
14649,38,79,38079
3876,38,81,38081
1310,38,83,38083
4370,38,85,38085
767,38,87,38087
32154,38,89,38089
1956,38,91,38091
21103,38,93,38093
2272,38,95,38095
8014,38,97,38097
10897,38,99,38099
71275,38,101,38101
4168,38,103,38103
35294,38,105,38105
11613423,39,0,39000
28024,39,1,39001
104425,39,3,39003
53213,39,5,39005
98632,39,7,39007
65886,39,9,39009
45876,39,11,39011
69154,39,13,39013
43839,39,15,39015
376353,39,17,39017
27811,39,19,39019
38987,39,21,39021
135959,39,23,39023
201973,39,25,39025
41917,39,27,39027
104806,39,29,39029
36569,39,31,39031
42306,39,33,39033
1255921,39,35,39035
52076,39,37,39037
38352,39,39,39039
193013,39,41,39041
75550,39,43,39043
151408,39,45,39045
28679,39,47,39047
1251722,39,49,39049
42537,39,51,39051
30142,39,53,39053
94102,39,55,39055
164427,39,57,39057
39258,39,59,39059
807598,39,61,39061
75573,39,63,39063
31682,39,65,39065
15450,39,67,39067
27816,39,69,39069
43026,39,71,39071
28491,39,73,39073
43909,39,75,39075
58469,39,77,39077
32596,39,79,39079
67347,39,81,39081
61061,39,83,39083
229245,39,85,39085
61109,39,87,39087
170570,39,89,39089
45386,39,91,39091
305147,39,93,39093
433689,39,95,39095
44094,39,97,39097
231900,39,99,39099
65355,39,101,39101
176395,39,103,39103
23257,39,105,39105
40968,39,107,39107
104224,39,109,39109
14409,39,111,39111
532258,39,113,39113
14777,39,115,39115
35074,39,117,39117
86290,39,119,39119
14326,39,121,39121
40877,39,123,39123
18976,39,125,39125
35985,39,127,39127
56998,39,129,39129
28217,39,131,39131
162275,39,133,39133
41329,39,135,39135
34042,39,137,39137
121707,39,139,39139
77170,39,141,39141
59679,39,143,39143
76825,39,145,39145
55610,39,147,39147
48901,39,149,39149
375165,39,151,39151
541968,39,153,39153
203751,39,155,39155
92916,39,157,39157
54277,39,159,39159
28562,39,161,39161
13048,39,163,39163
224469,39,165,39165
61112,39,167,39167
116063,39,169,39169
37120,39,171,39171
129730,39,173,39173
22243,39,175,39175
3911338,40,0,40000
22004,40,1,40001
5868,40,3,40003
13793,40,5,40005
5427,40,7,40007
23768,40,9,40009
9833,40,11,40011
44884,40,13,40013
29343,40,15,40015
133378,40,17,40017
48689,40,19,40019
48447,40,21,40021
14997,40,23,40023
2216,40,25,40025
274458,40,27,40027
5651,40,29,40029
124648,40,31,40031
5996,40,33,40033
14818,40,35,40035
70892,40,37,40037
29744,40,39,40039
41459,40,41,40041
4995,40,43,40043
4231,40,45,40045
63569,40,47,40047
27755,40,49,40049
54648,40,51,40051
4523,40,53,40053
6070,40,55,40055
2788,40,57,40057
3754,40,59,40059
12845,40,61,40061
13735,40,63,40063
25574,40,65,40065
6276,40,67,40067
10980,40,69,40069
45366,40,71,40071
15584,40,73,40073
9144,40,75,40075
10483,40,77,40077
49605,40,79,40079
35042,40,81,40081
45996,40,83,40083
9870,40,85,40085
38066,40,87,40087
33048,40,89,40089
19990,40,91,40091
7771,40,93,40093
16232,40,95,40095
40887,40,97,40097
13936,40,99,40099
69699,40,101,40101
11554,40,103,40103
10539,40,105,40105
12181,40,107,40107
776864,40,109,40109
39187,40,111,40111
47887,40,113,40113
31981,40,115,40115
16436,40,117,40117
80850,40,119,40119
44610,40,121,40121
38194,40,123,40123
71875,40,125,40125
11183,40,127,40127
3788,40,129,40129
90802,40,131,40131
25548,40,133,40133
41153,40,135,40135
44581,40,137,40137
21489,40,139,40139
7515,40,141,40141
639242,40,143,40143
76559,40,145,40145
52021,40,147,40147
11661,40,149,40149
9304,40,151,40151
21559,40,153,40153
4028977,41,0,41000
16005,41,1,41001
87572,41,3,41003
401515,41,5,41005
37831,41,7,41007
49600,41,9,41009
63121,41,11,41011
21630,41,13,41013
22483,41,15,41015
175268,41,17,41017
107685,41,19,41019
1859,41,21,41021
7185,41,23,41023
7200,41,25,41025
23137,41,27,41027
212567,41,29,41029
22666,41,31,41031
84745,41,33,41033
66016,41,35,41035
7829,41,37,41037
362895,41,39,41039
47038,41,41,41041
120547,41,43,41043
30380,41,45,41045
330700,41,47,41047
11190,41,49,41049
790294,41,51,41051
79391,41,53,41053
1680,41,55,41055
25653,41,57,41057
76531,41,59,41059
25790,41,61,41061
6856,41,63,41063
25775,41,65,41065
574326,41,67,41067
1358,41,69,41069
102659,41,71,41071
12802503,42,0,42000
102295,42,1,42001
1230459,42,3,42003
67052,42,5,42005
168871,42,7,42007
48586,42,9,42009
415271,42,11,42011
125593,42,13,42013
61281,42,15,42015
627367,42,17,42017
186818,42,19,42019
136411,42,21,42021
4732,42,23,42023
63960,42,25,42025
160580,42,27,42027
515939,42,29,42029
39498,42,31,42031
80994,42,33,42033
39441,42,35,42035
66672,42,37,42037
86484,42,39,42039
246338,42,41,42041
272983,42,43,42043
563894,42,45,42045
30872,42,47,42047
278045,42,49,42049
133628,42,51,42051
7410,42,53,42053
153638,42,55,42055
14629,42,57,42057
37519,42,59,42059
45668,42,61,42061
86966,42,63,42063
44430,42,65,42065
24737,42,67,42067
211917,42,69,42069
536624,42,71,42071
88082,42,73,42073
137067,42,75,42075
360685,42,77,42077
318449,42,79,42079
116048,42,81,42081
42412,42,83,42083
114234,42,85,42085
46500,42,87,42087
166397,42,89,42089
819264,42,91,42091
18557,42,93,42093
300813,42,95,42095
93246,42,97,42097
45685,42,99,42099
1567442,42,101,42101
55949,42,103,42103
17093,42,105,42105
144590,42,107,42107
40444,42,109,42109
75522,42,111,42111
6328,42,113,42113
41666,42,115,42115
41877,42,117,42117
44954,42,119,42119
53119,42,121,42121
40396,42,123,42123
208261,42,125,42125
51198,42,127,42127
357956,42,129,42129
27800,42,131,42131
442867,42,133,42133
1056298,44,0,44000
49084,44,1,44001
164801,44,3,44003
82423,44,5,44005
633473,44,7,44007
126517,44,9,44009
4896146,45,0,45000
24932,45,1,45001
165829,45,3,45003
9433,45,5,45005
194692,45,7,45007
14880,45,9,45009
21725,45,11,45011
179589,45,13,45013
202786,45,15,45015
14781,45,17,45017
389262,45,19,45019
56194,45,21,45021
32267,45,23,45023
46017,45,25,45025
33775,45,27,45027
37731,45,29,45029
67548,45,31,45031
31234,45,33,45033
152478,45,35,45035
26514,45,37,45037
22747,45,39,45039
138900,45,41,45041
61298,45,43,45043
491863,45,45,45045
69838,45,47,45047
20049,45,49,45049
309199,45,51,45051
27824,45,53,45053
63603,45,55,45055
85842,45,57,45057
66623,45,59,45059
17896,45,61,45061
281833,45,63,45063
9706,45,65,45065
31747,45,67,45067
27494,45,69,45069
38012,45,71,45071
75713,45,73,45073
89208,45,75,45075
121691,45,77,45077
407051,45,79,45079
20053,45,81,45081
297302,45,83,45083
107480,45,85,45085
27777,45,87,45087
32535,45,89,45089
251195,45,91,45091
858469,46,0,46000
2733,46,3,46003
18372,46,5,46005
3423,46,7,46007
6985,46,9,46009
33897,46,11,46011
38785,46,13,46013
5281,46,15,46015
2095,46,17,46017
10283,46,19,46019
1397,46,21,46021
9383,46,23,46023
3659,46,25,46025
13964,46,27,46027
27939,46,29,46029
4197,46,31,46031
8446,46,33,46033
19858,46,35,46035
5539,46,37,46037
4333,46,39,46039
5685,46,41,46041
2977,46,43,46043
3999,46,45,46045
6867,46,47,46047
2337,46,49,46049
7142,46,51,46051
4201,46,53,46053
1861,46,55,46055
6047,46,57,46057
3348,46,59,46059
3385,46,61,46061
1267,46,63,46063
17555,46,65,46065
7301,46,67,46067
1397,46,69,46069
3321,46,71,46071
1997,46,73,46073
924,46,75,46075
4990,46,77,46077
12622,46,79,46079
24827,46,81,46081
52849,46,83,46083
3876,46,85,46085
5599,46,87,46087
2415,46,89,46089
4769,46,91,46091
26986,46,93,46093
2050,46,95,46095
2236,46,97,46097
185197,46,99,46099
6430,46,101,46101
14373,46,102,46102
108702,46,103,46103
3019,46,105,46105
2320,46,107,46107
10311,46,109,46109
2355,46,111,46111
6524,46,115,46115
2954,46,117,46117
1426,46,119,46119
9959,46,121,46121
5434,46,123,46123
8209,46,125,46125
14909,46,127,46127
5443,46,129,46129
22702,46,135,46135
2803,46,137,46137
6600299,47,0,47000
75749,47,1,47001
47183,47,3,47003
16129,47,5,47005
14502,47,7,47007
127253,47,9,47009
104091,47,11,47011
39752,47,13,47013
13840,47,15,47015
27910,47,17,47017
56486,47,19,47019
39741,47,21,47021
17471,47,23,47023
31709,47,25,47025
7771,47,27,47027
35162,47,29,47029
54277,47,31,47031
14601,47,33,47033
58229,47,35,47035
678889,47,37,47037
11660,47,39,47039
19182,47,41,47041
51487,47,43,47043
37893,47,45,47045
39165,47,47,47047
17917,47,49,47049
41449,47,51,47051
49399,47,53,47053
28946,47,55,47055
22846,47,57,47057
68580,47,59,47059
13441,47,61,47061
63402,47,63,47063
354098,47,65,47065
6572,47,67,47067
25707,47,69,47069
25756,47,71,47071
56471,47,73,47073
18023,47,75,47075
28015,47,77,47077
32147,47,79,47079
24363,47,81,47081
8149,47,83,47083
18135,47,85,47085
11509,47,87,47087
53240,47,89,47089
17830,47,91,47091
451324,47,93,47093
7576,47,95,47095
26936,47,97,47097
42564,47,99,47099
11854,47,101,47101
33743,47,103,47103
51130,47,105,47105
52639,47,107,47107
26066,47,109,47109
23177,47,111,47111
97610,47,113,47113
28487,47,115,47115
31552,47,117,47117
87757,47,119,47119
11830,47,121,47121
45771,47,123,47123
193479,47,125,47125
6322,47,127,47127
21498,47,129,47129
30639,47,131,47131
22129,47,133,47133
7929,47,135,47135
5146,47,137,47137
16773,47,139,47139
74553,47,141,47141
32526,47,143,47143
52753,47,145,47145
68570,47,147,47147
298612,47,149,47149
21950,47,151,47151
14811,47,153,47153
95946,47,155,47155
938069,47,157,47157
19295,47,159,47159
13259,47,161,47161
156791,47,163,47163
175989,47,165,47165
61870,47,167,47167
8042,47,169,47169
17860,47,171,47171
19119,47,173,47173
5677,47,175,47175
40435,47,177,47177
126302,47,179,47179
16748,47,181,47181
33960,47,183,47183
26521,47,185,47185
211672,47,187,47187
128911,47,189,47189
27469114,48,0,48000
57580,48,1,48001
18105,48,3,48003
88255,48,5,48005
25350,48,7,48007
8715,48,9,48009
1947,48,11,48011
48435,48,13,48013
29563,48,15,48015
7210,48,17,48017
21269,48,19,48019
80527,48,21,48021
3618,48,23,48023
32874,48,25,48025
334941,48,27,48027
1897753,48,29,48029
11004,48,31,48031
648,48,33,48033
17891,48,35,48035
93389,48,37,48037
346312,48,39,48039
215037,48,41,48041
9145,48,43,48043
1505,48,45,48045
7230,48,47,48047
37896,48,49,48049
17460,48,51,48051
45463,48,53,48053
40522,48,55,48055
21895,48,57,48057
13557,48,59,48059
422156,48,61,48061
12682,48,63,48063
5969,48,65,48065
30313,48,67,48067
7656,48,69,48069
38863,48,71,48071
51542,48,73,48073
7088,48,75,48075
10360,48,77,48077
2953,48,79,48079
3238,48,81,48081
8338,48,83,48083
914127,48,85,48085
3044,48,87,48087
20870,48,89,48089
129048,48,91,48091
13430,48,93,48093
4081,48,95,48095
39229,48,97,48097
75503,48,99,48099
1426,48,101,48101
5048,48,103,48103
3710,48,105,48105
5977,48,107,48107
2236,48,109,48109
7121,48,111,48111
2553385,48,113,48113
13520,48,115,48115
18952,48,117,48117
5217,48,119,48119
780612,48,121,48121
20797,48,123,48123
2206,48,125,48125
10980,48,127,48127
3499,48,129,48129
11388,48,131,48131
18171,48,133,48133
159436,48,135,48135
1894,48,137,48137
163632,48,139,48139
835593,48,141,48141
41122,48,143,48143
17142,48,145,48145
33693,48,147,48147
25110,48,149,48149
3827,48,151,48151
5901,48,153,48153
1220,48,155,48155
716087,48,157,48157
10651,48,159,48159
19691,48,161,48161
18793,48,163,48163
20051,48,165,48165
322225,48,167,48167
6415,48,169,48169
25963,48,171,48171
1315,48,173,48173
7531,48,175,48175
20573,48,177,48177
23210,48,179,48179
125467,48,181,48181
124108,48,183,48183
27512,48,185,48185
151249,48,187,48187
34360,48,189,48189
3138,48,191,48191
8159,48,193,48193
5610,48,195,48195
3840,48,197,48197
55865,48,199,48199
4538028,48,201,48201
66746,48,203,48203
6193,48,205,48205
5737,48,207,48207
194739,48,209,48209
4264,48,211,48211
79545,48,213,48213
842304,48,215,48215
34855,48,217,48217
23433,48,219,48219
55423,48,221,48221
36223,48,223,48223
22785,48,225,48225
37206,48,227,48227
3379,48,229,48229
89844,48,231,48231
21734,48,233,48233
1554,48,235,48235
8878,48,237,48237
14816,48,239,48239
35506,48,241,48241
2156,48,243,48243
254308,48,245,48245
5200,48,247,48247
41382,48,249,48249
159990,48,251,48251
19970,48,253,48253
14975,48,255,48255
114690,48,257,48257
40384,48,259,48259
407,48,261,48261
764,48,263,48263
50955,48,265,48265
4388,48,267,48267
282,48,269,48269
3549,48,271,48271
31857,48,273,48273
3860,48,275,48275
49440,48,277,48277
13385,48,279,48279
20588,48,281,48281
7631,48,283,48283
19836,48,285,48285
16898,48,287,48287
17086,48,289,48289
79654,48,291,48291
23320,48,293,48293
3569,48,295,48295
12229,48,297,48297
19796,48,299,48299
112,48,301,48301
299453,48,303,48303
5724,48,305,48305
8341,48,307,48307
245671,48,309,48309
820,48,311,48311
14065,48,313,48313
10160,48,315,48315
5641,48,317,48317
4032,48,319,48319
36770,48,321,48321
57706,48,323,48323
48417,48,325,48325
2164,48,327,48327
161077,48,329,48329
24513,48,331,48331
4900,48,333,48333
9067,48,335,48335
19262,48,337,48337
537559,48,339,48339
22255,48,341,48341
12516,48,343,48343
1148,48,345,48345
65664,48,347,48347
48323,48,349,48349
13986,48,351,48351
15107,48,353,48353
359715,48,355,48355
10747,48,357,48357
2069,48,359,48359
84260,48,361,48361
27895,48,363,48363
23766,48,365,48365
126042,48,367,48367
9749,48,369,48369
16203,48,371,48371
46972,48,373,48373
121802,48,375,48375
6876,48,377,48377
11161,48,379,48379
130269,48,381,48381
3792,48,383,48383
3307,48,385,48385
12455,48,387,48387
14732,48,389,48389
7289,48,391,48391
916,48,393,48393
16659,48,395,48395
90861,48,397,48397
10551,48,399,48399
53070,48,401,48401
10368,48,403,48403
8473,48,405,48405
27413,48,407,48407
67357,48,409,48409
5901,48,411,48411
3211,48,413,48413
17615,48,415,48415
3350,48,417,48417
25402,48,419,48419
3072,48,421,48421
222936,48,423,48423
8739,48,425,48425
63795,48,427,48427
9440,48,429,48429
1352,48,431,48431
1410,48,433,48433
3913,48,435,48435
7533,48,437,48437
1982498,48,439,48439
136051,48,441,48441
837,48,443,48443
12739,48,445,48445
1579,48,447,48447
32623,48,449,48449
118105,48,451,48451
1176558,48,453,48453
14402,48,455,48455
21347,48,457,48457
40603,48,459,48459
3651,48,461,48461
27245,48,463,48463
48988,48,465,48465
53547,48,467,48467
92382,48,469,48469
70699,48,471,48471
48656,48,473,48473
11721,48,475,48475
34765,48,477,48477
269721,48,479,48479
41486,48,481,48481
5657,48,483,48483
131705,48,485,48485
13027,48,487,48487
21903,48,489,48489
508514,48,491,48491
47520,48,493,48493
8005,48,495,48495
62953,48,497,48497
43356,48,499,48499
8546,48,501,48501
18270,48,503,48503
14374,48,505,48505
12235,48,507,48507
2995919,49,0,49000
6354,49,1,49001
52097,49,3,49003
120783,49,5,49005
20479,49,7,49007
1109,49,9,49009
336043,49,11,49011
20862,49,13,49013
10370,49,15,49015
5009,49,17,49017
9516,49,19,49019
48368,49,21,49021
10594,49,23,49023
7131,49,25,49025
12645,49,27,49027
11065,49,29,49029
1517,49,31,49031
2311,49,33,49033
1107314,49,35,49035
15772,49,37,49037
28778,49,39,49039
20984,49,41,49041
39633,49,43,49043
62952,49,45,49045
37928,49,47,49047
575205,49,49,49049
29161,49,51,49051
155602,49,53,49053
2692,49,55,49055
243645,49,57,49057
626042,50,0,50000
37035,50,1,50001
36317,50,3,50003
30780,50,5,50005
161382,50,7,50007
6163,50,9,50009
48799,50,11,50011
6861,50,13,50013
25235,50,15,50015
28899,50,17,50017
27100,50,19,50019
59736,50,21,50021
58612,50,23,50023
43386,50,25,50025
55737,50,27,50027
8382993,51,0,51000
32973,51,1,51001
105703,51,3,51003
15677,51,5,51005
12903,51,7,51007
31914,51,9,51009
15414,51,11,51011
229164,51,13,51013
74314,51,15,51015
4470,51,17,51017
77724,51,19,51019
6561,51,21,51021
33347,51,23,51023
16698,51,25,51025
22776,51,27,51027
17032,51,29,51029
55086,51,31,51031
29984,51,33,51033
29724,51,35,51035
7040,51,36,51036
12201,51,37,51037
335687,51,41,51041
14363,51,43,51043
5211,51,45,51045
49432,51,47,51047
9719,51,49,51049
15115,51,51,51051
27852,51,53,51053
11130,51,57,51057
1142234,51,59,51059
68782,51,61,51061
15651,51,63,51063
26235,51,65,51065
56264,51,67,51067
83199,51,69,51069
16708,51,71,51071
37143,51,73,51073
22253,51,75,51075
16012,51,77,51077
19162,51,79,51079
11885,51,81,51081
35125,51,83,51083
103227,51,85,51085
325155,51,87,51087
51881,51,89,51089
2214,51,91,51091
36314,51,93,51093
73147,51,95,51095
7158,51,97,51097
25515,51,99,51099
16269,51,101,51101
10965,51,103,51103
24742,51,105,51105
375629,51,107,51107
34602,51,109,51109
12299,51,111,51111
13134,51,113,51113
8862,51,115,51115
31081,51,117,51117
10606,51,119,51119
97653,51,121,51121
14785,51,125,51125
20392,51,127,51127
12155,51,131,51131
12232,51,133,51133
15673,51,135,51135
35385,51,137,51137
23726,51,139,51139
18045,51,141,51141
62194,51,143,51143
28031,51,145,51145
22952,51,147,51147
37862,51,149,51149
451721,51,153,51153
34332,51,155,51155
7378,51,157,51157
8908,51,159,51159
94409,51,161,51161
22354,51,163,51163
78593,51,165,51165
27891,51,167,51167
22126,51,169,51169
43190,51,171,51171
31470,51,173,51173
18109,51,175,51175
130475,51,177,51177
142003,51,179,51179
6709,51,181,51181
11715,51,183,51183
42899,51,185,51185
39083,51,187,51187
54591,51,191,51191
17629,51,193,51193
39718,51,195,51195
29119,51,197,51197
67837,51,199,51199
153511,51,510,51510
17141,51,520,51520
6618,51,530,51530
46597,51,540,51540
235429,51,550,51550
17820,51,570,51570
5658,51,580,51580
42082,51,590,51590
5496,51,595,51595
24013,51,600,51600
13892,51,610,51610
8490,51,620,51620
28118,51,630,51630
6914,51,640,51640
136454,51,650,51650
52538,51,660,51660
22378,51,670,51670
7262,51,678,51678
79812,51,680,51680
41764,51,683,51683
15726,51,685,51685
13645,51,690,51690
182385,51,700,51700
246393,51,710,51710
3939,51,720,51720
32477,51,730,51730
12059,51,735,51735
96201,51,740,51740
17403,51,750,51750
220289,51,760,51760
99897,51,770,51770
25432,51,775,51775
24416,51,790,51790
88161,51,800,51800
452745,51,810,51810
21491,51,820,51820
15052,51,830,51830
27284,51,840,51840
7170351,53,0,53000
19254,53,1,53001
22105,53,3,53003
190309,53,5,53005
75644,53,7,53007
73486,53,9,53009
459495,53,11,53011
3944,53,13,53013
103468,53,15,53015
40534,53,17,53017
7582,53,19,53019
88807,53,21,53021
2219,53,23,53023
93259,53,25,53025
71122,53,27,53027
80593,53,29,53029
30466,53,31,53031
2117125,53,33,53033
260131,53,35,53035
43269,53,37,53037
21026,53,39,53039
75882,53,41,53041
10321,53,43,53043
61023,53,45,53045
41516,53,47,53047
20848,53,49,53049
13088,53,51,53051
843954,53,53,53053
16252,53,55,53055
121846,53,57,53057
11339,53,59,53059
772501,53,61,53061
490945,53,63,53063
43791,53,65,53065
269536,53,67,53067
4042,53,69,53069
60338,53,71,53071
212284,53,73,53073
48177,53,75,53075
248830,53,77,53077
1844128,54,0,54000
16704,54,1,54001
111901,54,3,54003
23372,54,5,54005
14415,54,7,54007
23350,54,9,54009
96844,54,11,54011
7470,54,13,54013
8910,54,15,54015
8176,54,17,54017
44997,54,19,54019
8518,54,21,54021
11766,54,23,54023
35516,54,25,54025
23353,54,27,54027
29815,54,29,54029
13852,54,31,54031
68714,54,33,54033
29237,54,35,54035
56482,54,37,54037
188332,54,39,54039
16448,54,41,54041
21415,54,43,54043
34707,54,45,54045
19835,54,47,54047
56925,54,49,54049
31978,54,51,54051
27037,54,53,54053
61164,54,55,54055
27451,54,57,54057
25292,54,59,54059
