listing_id,dwelling,bedrooms,distance_km,weekly_rent
1,Apartment,4+,13.13,475
2,Apartment,1,2.5,420
3,House,4+,18.39,805
4,Apartment,3,12.56,495
5,Apartment,4+,10.62,400
6,Apartment,2,6.14,575
7,Apartment,2,1.24,555
8,House,4+,7.71,785
9,Apartment,3,7.11,690
10,Apartment,3,1.32,700
11,House,2,14.58,535
12,Apartment,1,2.71,505
13,Apartment,2,3.91,495
14,House,3,21.85,485
15,Apartment,4+,1.08,685
16,House,2,22.38,735
17,Apartment,1,20.69,320
18,Apartment,3,11.15,595
19,Apartment,1,1.16,405
20,Apartment,4+,9.81,615
21,Apartment,2,9.83,695
22,House,2,21.38,385
23,House,2,16.25,695
24,House,1,11.98,465
25,Apartment,2,2.1,430
26,House,4+,12.5,605
27,Apartment,4+,18.74,550
28,House,1,4.09,495
29,Apartment,2,4.73,490
30,Apartment,3,3.31,665
31,Apartment,2,4.38,465
32,Apartment,3,2.28,515
33,House,2,9.55,500
34,House,3,10.71,715
35,Apartment,3,18.18,380
36,House,4+,19.76,690
37,Apartment,3,20.82,690
38,Apartment,2,1.02,635
39,House,2,12.17,755
40,Apartment,2,3.81,490
41,House,2,16.79,595
42,Apartment,2,24.01,400
43,House,2,14.57,735
44,Apartment,2,13.24,615
45,Apartment,2,1.4,530
46,House,3,22.71,580
47,House,1,12.99,490
48,House,4+,5.41,865
49,House,3,1.71,790
50,Apartment,4+,22.62,655
51,Apartment,2,1.01,555
52,Apartment,2,14.67,375
53,House,4+,22.07,565
54,Apartment,3,19.85,550
55,Apartment,2,2.07,625
56,House,4+,14.1,725
57,House,1,1.39,615
58,House,2,15.32,600
59,House,4+,5.62,675
60,Apartment,2,22.92,295
61,Apartment,3,23.45,405
62,Apartment,2,23.18,525
63,Apartment,2,16.97,510
64,Apartment,3,7.36,490
65,Apartment,3,13.16,415
66,Apartment,1,20.85,490
67,House,3,21.51,460
68,Apartment,4+,3.89,585
69,House,3,1.73,565
70,Apartment,4+,18.54,620
71,Apartment,3,1.68,395
72,House,3,8.68,650
73,House,1,1.86,435
74,House,4+,9.0,835
75,Apartment,3,1.31,695
76,Apartment,3,1.82,595
77,Apartment,2,12.09,655
78,House,4+,4.82,735
79,House,1,11.52,480
80,Apartment,4+,12.31,650
81,Apartment,2,4.13,530
82,Apartment,3,15.55,415
83,Apartment,4+,21.36,470
84,House,2,24.56,485
85,House,2,2.03,585
86,Apartment,3,11.31,730
87,House,3,10.16,645
88,House,4+,7.89,700
89,Apartment,2,2.61,770
90,Apartment,2,4.2,515
91,House,2,9.41,360
92,House,3,3.36,765
93,Apartment,4+,16.97,365
94,House,4+,2.94,705
95,Apartment,3,2.71,505
96,Apartment,3,6.24,395
97,Apartment,1,6.58,410
98,House,1,24.63,390
99,House,3,15.44,655
100,House,1,17.2,385
101,Apartment,1,23.41,390
102,Apartment,4+,24.14,565
103,House,3,13.45,540
104,Apartment,2,13.19,345
105,House,3,16.92,625
106,Apartment,3,4.73,650
107,House,3,7.45,830
108,Apartment,4+,13.19,610
109,House,4+,12.47,645
110,Apartment,3,3.27,940
111,House,4+,22.43,670
112,Apartment,3,6.15,685
113,Apartment,2,13.71,440
114,Apartment,4+,13.38,850
115,House,1,4.48,535
116,Apartment,3,10.33,480
117,Apartment,1,20.69,280
118,Apartment,2,5.1,580
119,House,2,23.54,615
120,House,2,7.36,715
121,Apartment,2,15.37,345
122,Apartment,4+,24.9,530
123,House,3,20.72,530
124,Apartment,2,24.72,255
125,Apartment,3,8.81,555
126,Apartment,2,2.08,515
127,House,2,10.68,710
128,Apartment,1,10.48,315
129,House,3,24.73,480
130,Apartment,3,14.69,610
131,House,4+,16.98,605
132,House,3,10.13,615
133,House,2,6.02,620
134,Apartment,2,19.83,275
135,House,3,5.06,450
136,House,3,5.08,915
137,House,2,1.07,370
138,Apartment,4+,3.44,580
139,Apartment,3,4.52,660
140,Apartment,2,4.03,405
141,Apartment,3,22.17,525
142,Apartment,4+,24.06,350
143,Apartment,1,18.71,380
144,Apartment,1,1.6,485
145,House,2,13.19,525
146,Apartment,3,9.92,475
147,Apartment,1,14.0,305
148,House,1,4.27,545
149,Apartment,4+,1.2,665
150,Apartment,1,6.4,550
151,Apartment,1,12.08,500
152,Apartment,1,2.21,415
153,House,1,1.08,450
154,Apartment,2,18.38,395
155,Apartment,1,1.78,520
156,House,3,8.2,535
157,Apartment,2,20.56,310
158,Apartment,3,1.66,575
159,Apartment,3,22.36,380
160,Apartment,4+,9.15,655
161,Apartment,3,21.22,405
162,House,4+,15.03,625
163,House,4+,13.61,900
164,House,4+,9.7,860
165,House,3,24.55,810
166,Apartment,2,14.93,535
167,House,4+,2.09,465
168,House,3,23.74,490
169,House,2,4.31,485
170,Apartment,2,1.21,420
171,Apartment,4+,3.72,640
172,House,4+,23.48,560
173,Apartment,2,7.55,465
174,Apartment,2,22.92,485
175,Apartment,3,4.7,590
176,Apartment,3,6.76,460
177,Apartment,1,9.99,370
178,Apartment,2,1.84,590
179,House,2,14.24,455
180,House,4+,4.14,755
181,House,2,8.27,430
182,Apartment,2,1.03,415
183,House,4+,7.7,940
184,House,3,2.71,840
185,Apartment,2,9.14,305
186,House,1,7.62,590
187,House,1,15.08,465
188,House,2,9.77,960
189,House,3,19.73,440
190,House,3,6.85,575
191,Apartment,1,8.72,435
192,House,2,15.91,595
193,Apartment,1,6.32,310
194,House,4+,19.17,495
195,House,3,21.82,700
196,Apartment,3,16.83,360
197,Apartment,1,18.36,325
198,House,3,17.58,545
199,House,1,3.46,665
200,Apartment,2,4.09,475
201,Apartment,3,16.13,400
202,House,2,12.42,450
203,Apartment,4+,19.46,635
204,House,2,20.42,440
205,Apartment,3,19.12,435
206,Apartment,1,6.95,525
207,House,3,6.7,815
208,Apartment,3,16.02,525
209,Apartment,1,12.48,385
210,Apartment,2,3.94,665
211,Apartment,2,19.83,350
212,House,2,10.8,540
213,Apartment,1,19.83,415
214,Apartment,1,12.72,405
215,Apartment,2,10.38,400
216,House,2,1.05,595
217,House,3,5.84,665
218,House,3,12.48,765
219,House,4+,4.09,765
220,House,2,4.18,735
221,House,2,3.27,450
222,House,3,4.39,725
223,Apartment,1,2.44,480
224,House,3,18.82,575
225,House,4+,14.48,555
226,Apartment,4+,21.01,565
227,House,4+,2.8,835
228,House,3,6.11,885
229,House,1,11.36,600
230,Apartment,2,8.0,555
231,Apartment,4+,12.75,480
232,House,2,12.59,495
233,House,3,17.97,545
234,Apartment,1,13.46,360
235,Apartment,4+,15.34,640
236,Apartment,1,23.76,320
237,House,1,1.13,445
238,Apartment,4+,11.01,635
239,House,3,2.9,765
240,Apartment,1,15.3,315
241,House,3,3.97,580
242,Apartment,3,14.46,480
243,House,2,18.18,600
244,Apartment,2,2.82,400
245,Apartment,3,2.33,685
246,House,4+,7.08,895
247,Apartment,3,23.87,480
248,House,2,4.78,605
249,House,4+,21.97,760
250,Apartment,1,3.01,530
251,House,4+,5.42,700
252,Apartment,1,15.76,575
253,House,1,15.99,465
254,House,4+,1.03,710
255,Apartment,3,1.6,660
256,House,2,5.45,455
257,Apartment,2,3.29,555
258,House,3,14.2,865
259,House,4+,22.84,520
260,House,2,4.89,560
261,House,2,1.49,665
262,Apartment,2,21.2,395
263,House,2,7.6,570
264,Apartment,2,12.82,480
265,House,4+,16.97,640
266,House,2,22.89,450
267,Apartment,2,6.78,480
268,Apartment,2,5.97,535
269,House,2,19.66,460
270,House,4+,16.55,695
271,House,3,17.11,595
272,Apartment,2,19.08,405
273,House,4+,15.96,610
274,Apartment,1,3.64,485
275,House,4+,1.41,870
276,House,3,3.0,505
277,House,4+,1.78,660
278,House,1,13.52,375
279,House,3,20.49,455
280,Apartment,2,8.27,425
281,House,2,12.18,555
282,House,2,22.24,550
283,House,2,8.99,515
284,Apartment,2,22.88,280
285,House,2,4.62,560
286,Apartment,4+,23.74,585
287,House,3,6.26,605
288,Apartment,1,15.7,375
289,Apartment,3,4.04,725
290,Apartment,3,22.05,550
291,House,3,19.57,555
292,Apartment,3,13.02,815
293,House,2,3.11,715
294,House,2,10.05,680
295,Apartment,2,14.17,535
296,House,3,18.3,450
297,Apartment,3,22.74,550
298,House,2,6.19,590
299,House,2,7.74,595
300,Apartment,1,23.21,415
301,House,3,1.52,720
302,House,4+,4.72,690
303,Apartment,3,3.55,520
304,Apartment,2,13.97,360
305,House,4+,7.39,765
306,Apartment,2,13.84,420
307,Apartment,4+,3.95,790
308,House,4+,12.68,525
309,Apartment,1,11.47,655
310,Apartment,2,14.27,480
311,Apartment,4+,4.61,815
312,House,1,1.16,530
313,Apartment,3,13.43,485
314,Apartment,3,13.91,480
315,House,1,4.93,560
316,House,3,24.11,490
317,Apartment,2,13.52,360
318,House,2,7.55,555
319,House,3,24.15,615
320,House,2,12.17,425
321,House,3,2.02,690
322,Apartment,1,9.38,615
323,Apartment,1,7.97,400
324,House,2,7.4,490
325,Apartment,3,15.37,675
326,House,3,10.59,645
327,House,3,8.67,590
328,Apartment,4+,15.84,685
329,House,2,14.77,525
330,House,3,12.17,585
331,Apartment,3,7.47,640
332,Apartment,3,21.77,480
333,House,3,11.1,605
334,Apartment,4+,7.74,925
335,House,1,11.96,425
336,House,2,15.53,580
337,Apartment,4+,11.57,690
338,Apartment,1,17.11,460
339,House,4+,19.93,605
340,Apartment,3,9.69,610
341,House,4+,6.21,1175
342,House,3,16.77,675
343,House,2,3.75,600
344,House,2,13.84,585
345,House,3,7.15,605
346,Apartment,2,2.11,540
347,House,3,5.99,640
348,House,2,20.33,625
349,Apartment,2,14.1,590
350,Apartment,2,12.01,605
351,House,4+,1.82,810
352,Apartment,1,8.97,370
353,House,4+,2.62,775
354,House,3,1.86,585
355,Apartment,4+,4.17,570
356,House,1,13.8,690
357,House,4+,8.77,665
358,Apartment,4+,4.36,815
359,Apartment,2,19.35,315
360,Apartment,4+,21.14,520
361,Apartment,4+,4.9,865
362,Apartment,4+,9.43,650
363,House,2,21.33,430
364,Apartment,2,3.98,700
365,House,3,1.49,565
366,House,3,8.72,725
367,Apartment,1,22.56,475
368,House,3,10.85,815
369,Apartment,3,11.28,360
370,House,3,6.35,860
371,House,2,10.42,445
372,Apartment,4+,20.3,400
373,Apartment,1,4.59,395
374,House,1,3.19,725
375,House,1,18.57,530
376,House,4+,17.72,735
377,House,3,2.68,735
378,House,2,2.3,585
379,Apartment,1,3.12,495
380,Apartment,2,13.37,610
381,House,3,2.54,690
382,Apartment,3,18.38,450
383,Apartment,1,16.39,305
384,Apartment,4+,20.5,735
385,Apartment,4+,14.53,565
386,Apartment,2,12.38,285
387,Apartment,1,20.76,265
388,House,2,7.85,620
389,House,3,4.37,610
390,House,2,23.5,385
391,Apartment,3,21.26,455
392,House,4+,20.49,935
393,Apartment,2,1.34,615
394,House,1,18.47,405
395,Apartment,3,9.84,535
396,Apartment,2,22.69,545
397,Apartment,2,9.55,610
398,House,3,14.82,515
399,Apartment,2,6.88,560
400,Apartment,2,14.57,305
401,House,3,14.75,545
402,House,1,3.23,390
403,House,3,17.76,785
404,Apartment,4+,17.73,765
405,House,1,2.49,465
406,Apartment,3,4.6,630
407,House,3,1.98,530
408,House,2,24.09,510
409,House,2,4.88,770
410,Apartment,2,9.39,620
411,House,2,7.75,765
412,Apartment,3,5.53,625
413,Apartment,3,22.23,495
414,Apartment,3,6.79,575
415,Apartment,1,23.63,355
416,Apartment,3,6.9,755
417,House,1,24.1,340
418,Apartment,2,16.36,480
419,Apartment,3,21.77,350
420,House,1,16.3,475
421,House,3,21.97,480
422,House,3,23.6,365
423,Apartment,1,15.46,285
424,House,2,3.3,605
425,Apartment,3,6.36,525
426,Apartment,1,6.72,345
427,House,2,16.62,440
428,Apartment,3,1.81,770
429,House,1,12.4,390
430,Apartment,2,7.43,570
431,Apartment,4+,22.35,475
432,House,3,14.25,640
433,House,4+,4.69,835
434,Apartment,2,1.58,705
435,House,1,3.88,500
436,House,4+,4.76,895
437,House,3,18.52,620
438,Apartment,4+,4.66,670
439,Apartment,1,3.22,420
440,House,2,18.4,790
441,House,3,1.35,760
442,House,2,22.54,570
443,Apartment,1,11.94,390
444,Apartment,1,22.71,340
445,House,2,18.97,385
446,House,3,11.32,560
447,Apartment,3,20.75,445
448,House,4+,9.64,730
449,House,3,8.21,675
450,House,2,5.82,470
451,House,4+,21.55,610
452,House,3,13.89,475
453,House,3,5.04,715
454,House,3,11.23,635
455,Apartment,1,5.83,530
456,House,4+,7.38,840
457,House,2,8.96,520
458,House,1,22.29,490
459,House,2,3.84,650
460,Apartment,2,16.19,395
461,Apartment,4+,3.89,605
462,Apartment,3,20.56,485
463,Apartment,3,15.45,385
464,Apartment,4+,1.13,640
465,House,2,13.54,870
466,House,2,18.48,555
467,Apartment,4+,7.85,560
468,House,1,6.9,615
469,Apartment,1,1.51,455
470,House,2,9.61,365
471,Apartment,1,2.03,430
472,Apartment,3,17.37,505
473,Apartment,3,19.15,495
474,Apartment,3,5.63,665
475,House,2,4.5,650
476,House,1,12.06,470
477,Apartment,2,13.93,610
478,House,4+,14.02,730
479,Apartment,4+,10.78,500
480,Apartment,2,17.07,330
481,House,2,5.49,645
482,House,2,2.39,635
483,House,2,8.32,535
484,Apartment,2,3.32,470
485,House,3,2.71,635
486,Apartment,4+,23.98,585
487,Apartment,4+,18.94,625
488,Apartment,2,24.72,335
489,Apartment,1,15.79,470
490,Apartment,3,5.47,600
491,Apartment,2,9.98,360
492,House,2,20.6,655
493,Apartment,3,3.41,580
494,Apartment,4+,7.97,535
495,Apartment,2,16.75,330
496,House,2,6.3,670
497,House,2,1.89,575
498,House,1,2.76,550
499,Apartment,2,21.74,390
500,Apartment,3,2.16,520
