Day,Time,Coffee,Rating
"Friday","2pm","African Cream","6"
"Monday","8am","African Cream","6"
"Thursday","12pm","African Cream","8"
"Tuesday","4pm","African Cream","5"
"Wednesday","10am","African Cream","7"
"Friday","4pm","African Cream","3"
"Monday","12pm","African Cream","7"
"Thursday","10am","African Cream","8"
"Tuesday","2pm","African Cream","6"
"Wednesday","8am","African Cream","5"
"Friday","12pm","Brew Maestro","6"
"Monday","4pm","Brew Maestro","4"
"Thursday","10am","Brew Maestro","7"
"Tuesday","8am","Brew Maestro","7"
"Wednesday","2pm","Brew Maestro","5"
"Friday","4pm","Brew Maestro","4"
"Monday","12pm","Brew Maestro","8"
"Thursday","2pm","Brew Maestro","4"
"Tuesday","10am","Brew Maestro","7"
"Wednesday","8am","Brew Maestro","5"
"Friday","4pm","Cafe Special","7"
"Monday","12pm","Cafe Special","6"
"Thursday","10am","Cafe Special","7"
"Tuesday","8am","Cafe Special","6"
"Wednesday","2pm","Cafe Special","8"
"Friday","8am","Cafe Special","9"
"Monday","4pm","Cafe Special","7"
"Thursday","10am","Cafe Special","7"
"Tuesday","2pm","Cafe Special","7"
"Wednesday","12pm","Cafe Special","9"
"Friday","10am","Delicio","5"
"Monday","12pm","Delicio","7"
"Thursday","4pm","Delicio","6"
"Tuesday","8am","Delicio","6"
"Wednesday","2pm","Delicio","5"
"Friday","12pm","Delicio","6"
"Monday","8am","Delicio","4"
"Thursday","4pm","Delicio","4"
"Tuesday","10am","Delicio","6"
"Wednesday","2pm","Delicio","5"
"Friday","12pm","Ethiopian Highlands","9"
"Monday","8am","Ethiopian Highlands","8"
"Thursday","4pm","Ethiopian Highlands","9"
"Tuesday","10am","Ethiopian Highlands","8"
"Wednesday","2pm","Ethiopian Highlands","8"
"Friday","4pm","Ethiopian Highlands","8"
"Monday","10am","Ethiopian Highlands","8"
"Thursday","12pm","Ethiopian Highlands","8"
"Tuesday","8am","Ethiopian Highlands","8"
"Wednesday","2pm","Ethiopian Highlands","9"
