make,model,body_type,engine_l,power_kw,gross_mass_kg,fuel_use_l_per_100km
ALFA ROMEO,GIULIA,SPORTS CAR,1.995,206,2060,6.1
ALFA ROMEO,STELVIO,STATION WAGON,1.995,206,2060,7
ALFA ROMEO,STELVIO,STATION WAGON,1.995,206,2350,7
ASTON MARTIN,DB2,CONVERTIBLE,3.982,500,2360,12.2
ASTON MARTIN,DB2,SPORTS CAR,3.982,500,2260,12.2
ASTON MARTIN,DBX,STATION WAGON,3.982,520,2960,13.5
ASTON MARTIN,DBX,STATION WAGON,3.982,520,2960,14.2
ASTON MARTIN,VANQUISH,CONVERTIBLE,5.204,614,2410,14.1
ASTON MARTIN,VANQUISH,SPORTS CAR,5.204,614,2315,13.7
ASTON MARTIN,VANTAGE,CONVERTIBLE,3.982,489,2115,12.3
ASTON MARTIN,VANTAGE,SPORTS CAR,3.982,489,2060,12.1
AUDI,A1,HATCHBACK,1.498,110,1710,5.7
AUDI,A1,HATCHBACK,1.498,110,1710,6
AUDI,A3,HATCHBACK,1.498,110,1835,5.8
AUDI,A3,HATCHBACK,1.498,110,1880,5.6
AUDI,A3,HATCHBACK,1.984,245,2035,8.5
AUDI,A3,HATCHBACK,2.48,294,2055,9.1
AUDI,Q2,STATION WAGON,1.498,110,1870,6.1
AUDI,Q2,STATION WAGON,1.498,110,1870,6.2
AUDI,Q2,STATION WAGON,1.984,140,2045,7.3
AUDI,Q2,STATION WAGON,1.984,140,2045,7.5
AUDI,Q2,STATION WAGON,1.984,221,2060,8.2
AUDI,Q2,STATION WAGON,1.984,221,2060,8.4
AUDI,Q2,STATION WAGON,1.984,221,2060,8.5
AUDI,Q3,STATION WAGON,1.395,110,2015,7.2
AUDI,Q3,STATION WAGON,1.395,110,2050,7.2
AUDI,Q3,STATION WAGON,1.984,180,1695,7.1
AUDI,Q3,STATION WAGON,1.984,180,2160,8.9
AUDI,Q3,STATION WAGON,1.984,180,2205,8.7
AUDI,Q3,STATION WAGON,1.984,180,2205,8.9
AUDI,Q5,STATION WAGON,1.984,150,2440,8
AUDI,Q5,STATION WAGON,1.984,183,2450,8
AUDI,Q7,STATION WAGON,3.996,373,3095,12.1
AUDI,Q7,STATION WAGON,3.996,373,3095,12.4
AUDI,Q8,STATION WAGON,2.995,250,2830,10.3
AUDI,Q8,STATION WAGON,2.995,250,2830,10.4
AUDI,Q8,STATION WAGON,3.996,373,2960,12.1
AUDI,Q8,STATION WAGON,3.996,373,2960,12.5
AUDI,Q8,STATION WAGON,3.996,441,3015,12.1
AUDI,Q8,STATION WAGON,3.996,471,3015,12.2
AUDI,Q8,STATION WAGON,3.996,471,3015,13.4
AUDI,RS3,HATCHBACK,2.48,294,2055,8.9
AUDI,RS3,HATCHBACK,2.48,294,2055,9.1
AUDI,RS4,STATION WAGON,2.894,331,2350,9.5
AUDI,RS6,STATION WAGON,3.996,463,2740,12.2
AUDI,S3,HATCHBACK,1.984,245,2035,8.4
BAIC,B30,HATCHBACK,1.498,138,2034,8
BAIC,X55,HATCHBACK,1.498,138,1970,8
BENTLEY,BENTAYGA,STATION WAGON,3.996,404,3250,12.3
BENTLEY,BENTAYGA,STATION WAGON,3.996,404,3250,12.4
BENTLEY,CONTINENTAL,SPORTS CAR,3.996,404,2800,11.2
BENTLEY,CONTINENTAL,SPORTS CAR,3.996,404,2865,11.2
BENTLEY,FLYING SPUR,SALOON,5.95,467,3000,13.3
BMW,1 SERIES,HATCHBACK,1.998,221,2100,8.3
BMW,2 SERIES,SPORTS CAR,2.993,338,2155,10.2
BMW,2 SERIES,SPORTS CAR,2.993,353,2155,10.2
BMW,2 SERIES,SPORTS CAR,2.993,353,2155,9.8
BMW,2 SERIES,SPORTS CAR,2.993,390,2125,10
BMW,2 SERIES,SPORTS CAR,2.998,285,2165,9
BMW,3 SERIES,HATCHBACK,2.993,405,2330,10.4
BMW,3 SERIES,SALOON,1.998,135,2070,7.4
BMW,3 SERIES,SALOON,2.993,390,2260,10.2
BMW,3 SERIES,SALOON,2.993,405,2245,10.4
BMW,3 SERIES,SALOON,2.998,275,2260,8.9
BMW,3 SERIES,SALOON,2.998,285,2260,8.9
BMW,3 SERIES,SPORTS CAR,2.993,375,2260,10.2
BMW,3 SERIES,STATION WAGON,2.993,375,2370,10.4
BMW,3 SERIES,STATION WAGON,2.993,390,2370,10.4
BMW,4 SERIES,SPORTS CAR,2.993,390,2205,10.4
BMW,8 SERIES,SALOON,4.395,390,2600,10.7
BMW,X1,STATION WAGON,1.499,100,2075,7.3
BMW,X2,STATION WAGON,1.998,221,2270,8.3
BMW,X3,STATION WAGON,1.998,153,2500,6.6
BMW,X3,STATION WAGON,2.998,293,2625,8.5
BMW,X5,STATION WAGON,4.395,390,3065,11.9
BMW,X5,STATION WAGON,4.395,460,3040,13.1
BMW,X6,STATION WAGON,4.395,460,3040,13.1
BMW,X7,STATION WAGON,4.395,390,3355,13.1
CHERY,TIGGO 4 PRO,STATION WAGON,1.498,108,1830,7.4
CHEVROLET,CORVETTE,CONVERTIBLE,6.162,369,1980,13.5
CHEVROLET,CORVETTE,SPORTS CAR,5.46,475,2020,18.1
CHEVROLET,CORVETTE,SPORTS CAR,6.162,369,1980,13.5
CHEVROLET,CORVETTE,SPORTS CAR,6.162,488,2100,11.5
CITROEN,C3,HATCHBACK,1.199,81,1610,4.9
CITROEN,C4,HATCHBACK,1.199,114,1765,6.1
CITROEN,C4,HATCHBACK,1.199,96,1760,6.3
CITROEN,C5 AIRCROSS,STATION WAGON,1.598,133,1995,5.7
CUPRA,ATECA,STATION WAGON,1.984,221,2130,9
CUPRA,FORMENTOR,STATION WAGON,1.498,110,1980,6.6
CUPRA,FORMENTOR,STATION WAGON,1.984,228,2140,8.4
CUPRA,FORMENTOR,STATION WAGON,1.984,245,2160,8.7
CUPRA,LEON,STATION WAGON,1.984,228,2140,8.2
CUPRA,LEON,STATION WAGON,1.984,245,2150,8.3
CUPRA,TERRAMAR,STATION WAGON,1.984,150,2280,7.7
CUPRA,TERRAMAR,STATION WAGON,1.984,195,2290,8.5
FERRARI,12CILINDRI,CONVERTIBLE,6.496,607,2130,15.9
FERRARI,12CILINDRI,SPORTS CAR,6.496,607,2080,15.5
FERRARI,812,CONVERTIBLE,6.496,610,1911,16.3
FERRARI,PUROSANGUE,STATION WAGON,6.496,529,2422,17.3
FERRARI,ROMA,CONVERTIBLE,3.855,456,2145,11.4
FIAT,500,HATCHBACK,1.242,51,1370,4.8
FIAT,ABARTH 695,HATCHBACK,1.368,132,1435,5.8
FIAT,ABARTH 695,HATCHBACK,1.368,132,1435,6
FORD,MUSTANG,CONVERTIBLE,5.038,362,2200,13.1
FORD,MUSTANG,CONVERTIBLE,5.038,362,2209,13.1
FORD,MUSTANG,SPORTS CAR,5.038,362,2155,13.8
FORD,MUSTANG,SPORTS CAR,5.038,362,2170,13.1
FORD,MUSTANG,SPORTS CAR,5.038,362,2170,13.8
FORD,MUSTANG,SPORTS CAR,5.038,373,2145,13.8
FORD,MUSTANG,SPORTS CAR,5.038,373,2159,13.8
FORD,MUSTANG,SPORTS CAR,5.038,373,2170,13.8
FORD,MUSTANG,SPORTS CAR,5.038,373,2182,13.8
FORD,TRANSIT,STATION WAGON,0.999,92,2025,6.9
GMC,YUKON,STATION WAGON,6.2,313,3447,12.8
GWM,HAVAL H6,STATION WAGON,1.998,150,2000,7.4
GWM,HAVAL H6,STATION WAGON,1.998,150,2020,7.4
GWM,HAVAL H6,STATION WAGON,1.998,150,2100,8.4
GWM,HAVAL JOLION,STATION WAGON,1.497,105,1870,8.1
GWM,TANK,STATION WAGON,1.967,162,2552,9.5
GWM,TANK,STATION WAGON,1.967,258,2552,9.5
HONDA,CIVIC,HATCHBACK,1.996,235,1800,8.7
HONDA,CRV,STATION WAGON,1.498,140,2258,7.4
HONDA,CRV,STATION WAGON,1.498,140,2326,7.3
HONDA,JAZZ,HATCHBACK,1.498,89,1590,5.8
HONDA,ZRV,STATION WAGON,1.498,131,2030,7.2
HYUNDAI,I20,HATCHBACK,1.598,150,1660,6.9
HYUNDAI,I30,HATCHBACK,1.998,205,1970,8.5
HYUNDAI,I30,STATION WAGON,1.491,81,1820,6.4
HYUNDAI,KONA,STATION WAGON,1.591,146,2040,7.6
HYUNDAI,KONA,STATION WAGON,1.999,110,1885,6.6
HYUNDAI,SANTA FE,STATION WAGON,2.497,206,2650,9.1
HYUNDAI,SANTA FE,STATION WAGON,2.497,207,2650,9.1
HYUNDAI,TUCSON,STATION WAGON,1.598,132,2100,6.4
HYUNDAI,TUCSON,STATION WAGON,1.598,132,2170,6.9
HYUNDAI,TUCSON,STATION WAGON,1.999,115,2030,8.1
HYUNDAI,TUCSON,STATION WAGON,1.999,115,2060,8.1
HYUNDAI,VENUE,STATION WAGON,1.591,90,1700,7.2
INEOS,GRENADIER,STATION WAGON,2.998,204,3500,14.4
INEOS,GRENADIER,STATION WAGON,2.998,210,3500,14.4
INEOS,GRENADIER,STATION WAGON,2.998,210,3500,14.5
JAECOO,J7,STATION WAGON,1.598,137,1939,7
JAECOO,J7,STATION WAGON,1.598,137,2038,7.8
JAGUAR,E-PACE,STATION WAGON,1.997,184,2430,8
JAGUAR,F-PACE,STATION WAGON,1.997,184,2520,8
JAGUAR,F-PACE,STATION WAGON,2.996,294,2600,8.9
JAGUAR,F-PACE,STATION WAGON,5,423,2590,8.9
JAGUAR,F-TYPE,SPORTS CAR,5,331,2050,10.9
JAGUAR,F-TYPE,SPORTS CAR,5,423,2150,10.7
JAGUAR,XE,SALOON,1.998,221,2240,7.6
JAGUAR,XF,SALOON,1.997,221,2370,7.2
JEEP,GRAND CHEROKEE,STATION WAGON,3.604,210,2744,9.9
JEEP,GRAND CHEROKEE,STATION WAGON,3.604,210,2948,10.7
JEEP,GRAND CHEROKEE,STATION WAGON,3.604,210,3039,10.7
JEEP,GRAND CHEROKEE,STATION WAGON,3.604,213,2948,10.6
JEEP,GRAND CHEROKEE,STATION WAGON,3.604,213,2948,10.7
JEEP,GRAND CHEROKEE,STATION WAGON,3.604,218,2744,9.9
JEEP,WRANGLER,STATION WAGON,1.995,200,2494,9.2
JEEP,WRANGLER,STATION WAGON,1.995,200,2574,9.7
JEEP,WRANGLER,STATION WAGON,3.604,209,2313,9.6
JEEP,WRANGLER,STATION WAGON,3.604,209,2494,9.7
JEEP,WRANGLER,STATION WAGON,3.604,209,2562,10.3
KGM,KR23,STATION WAGON,1.497,120,2080,7.4
KGM,TORRES,STATION WAGON,1.497,120,2080,7.4
KGM,TORRES,STATION WAGON,1.497,120,2170,7.9
KIA,PICANTO,HATCHBACK,1.248,62,1430,6
KIA,SELTOS,STATION WAGON,1.598,146,1950,7.4
KIA,SELTOS,STATION WAGON,1.999,110,1835,6.9
KIA,SPORTAGE,STATION WAGON,1.598,132,2085,6.7
KIA,SPORTAGE,STATION WAGON,1.598,132,2140,7.2
KIA,SPORTAGE,STATION WAGON,1.598,132,2140,7.3
KIA,SPORTAGE,STATION WAGON,1.999,115,2035,8.1
KIA,STONIC,HATCHBACK,0.998,74,1680,5.4
KIA,STONIC,HATCHBACK,0.998,74,1680,5.5
KIA,STONIC,STATION WAGON,0.998,74,1680,5.5
LAMBORGHINI,HURACAN,SPORTS CAR,5.204,449,1740,14.6
LAMBORGHINI,HURACAN,SPORTS CAR,5.204,470,1450,13.9
LAMBORGHINI,HURACAN,SPORTS CAR,5.204,470,2000,14.2
LAMBORGHINI,URUS,STATION WAGON,3.996,490,2835,12.3
LAND ROVER,DEFENDER,STATION WAGON,5,313,3040,12.7
LAND ROVER,DEFENDER,STATION WAGON,5,313,3230,12.7
LAND ROVER,DEFENDER,STATION WAGON,5,313,3380,12.7
LAND ROVER,DISCOVERY SPORT,STATION WAGON,1.997,184,2550,8.2
LAND ROVER,DISCOVERY SPORT,STATION WAGON,1.997,184,2700,8.2
LAND ROVER,RANGE ROVER,STATION WAGON,4.395,390,3380,11.3
LAND ROVER,RANGE ROVER,STATION WAGON,4.395,390,3480,11.3
LAND ROVER,RANGE ROVER,STATION WAGON,4.395,452,3310,11.3
LAND ROVER,RANGE ROVER,STATION WAGON,4.395,452,3480,11.3
LAND ROVER,RANGE ROVER EVOQUE,STATION WAGON,1.997,184,2430,8
LAND ROVER,RANGE ROVER SPORT,STATION WAGON,2.996,294,3220,9.4
LAND ROVER,RANGE ROVER SPORT,STATION WAGON,4.395,390,3250,11.3
LAND ROVER,RANGE ROVER SPORT,STATION WAGON,4.395,467,3250,12
LAND ROVER,RANGE ROVER VELAR,STATION WAGON,1.998,184,2550,8
LAND ROVER,RANGE ROVER VELAR,STATION WAGON,2.996,294,2670,9
LAND ROVER,RANGE ROVER VELAR,STATION WAGON,2.997,294,2670,9
LDV,D90,STATION WAGON,1.986,184,2900,9.1
LDV,D90,STATION WAGON,1.995,160,2960,10.9
LEXUS,LBX,STATION WAGON,1.618,206,1900,9.5
LEXUS,LC500,CONVERTIBLE,4.969,351,2450,12.7
LEXUS,LC500,SPORTS CAR,4.969,351,2375,11.6
LEXUS,RC F,SPORTS CAR,4.969,351,2250,11.2
LOTUS,EMIRA,SPORTS CAR,1.991,268,1745,9.2
LOTUS,EMIRA,SPORTS CAR,1.991,298,1745,9.2
LOTUS,EMIRA,SPORTS CAR,3.456,298,1858,11.3
MAHINDRA,XUV,STATION WAGON,1.2,82,1800,6.5
MAHINDRA,XUV,STATION WAGON,1.997,149,2185,8.3
MAHINDRA,XUV,STATION WAGON,1.997,149,2357,8.3
MAHINDRA,XUV,STATION WAGON,1.997,149,2357,9.2
MAHINDRA,XUV,STATION WAGON,1.997,190,2357,8.3
MASERATI,GHIBLI,SPORTS CAR,3.799,427,2540,13
MASERATI,GRECALE,STATION WAGON,2.992,390,2670,11.2
MASERATI,LEVANTE,STATION WAGON,2.979,316,2780,10.9
MAZDA,CX-3,STATION WAGON,1.998,110,1740,6.3
MAZDA,CX-30,STATION WAGON,1.998,114,1928,6.3
MAZDA,CX-30,STATION WAGON,1.998,114,1928,6.5
MAZDA,CX-30,STATION WAGON,2.488,139,1939,6.6
MAZDA,CX-30,STATION WAGON,2.488,139,2026,6.8
MAZDA,CX-5,STATION WAGON,1.998,115,2025,6.9
MAZDA,CX-5,STATION WAGON,1.998,115,2025,7.2
MAZDA,CX-5,STATION WAGON,2.488,140,2140,8.1
MAZDA,CX-5,STATION WAGON,2.488,170,2175,8.2
MAZDA,MAZDA2,HATCHBACK,1.496,81,1543,5
MAZDA,MAZDA3,HATCHBACK,1.998,114,1870,5.9
MAZDA,MAZDA3,HATCHBACK,2.488,139,1910,6.6
MAZDA,MAZDA3,SALOON,1.998,114,1866,5.8
MAZDA,MX-5,CONVERTIBLE,1.998,135,1236,6.8
MAZDA,MX-5,CONVERTIBLE,1.998,135,1298,7.2
MCLAREN,750S,CONVERTIBLE,3.994,552,1438,12.9
MCLAREN,750S,SPORTS CAR,3.994,552,1438,12.9
MCLAREN,GTS,SPORTS CAR,3.994,467,1786,11.9
MERCEDES-BENZ,A-CLASS,HATCHBACK,1.332,120,1895,6.6
MERCEDES-BENZ,A-CLASS,HATCHBACK,1.332,120,1910,6.6
MERCEDES-BENZ,A-CLASS,HATCHBACK,1.991,165,2060,7
MERCEDES-BENZ,A-CLASS,HATCHBACK,1.991,310,2100,8.9
MERCEDES-BENZ,A-CLASS,HATCHBACK,1.991,310,2130,8.9
MERCEDES-BENZ,A-CLASS,SALOON,1.991,165,2055,6.6
MERCEDES-BENZ,A-CLASS,SALOON,1.991,225,2120,8.2
MERCEDES-BENZ,C-CLASS,SALOON,1.496,150,2265,6.8
MERCEDES-BENZ,C-CLASS,SALOON,1.496,150,2265,6.9
MERCEDES-BENZ,C-CLASS,SALOON,1.999,190,2280,7.1
MERCEDES-BENZ,C-CLASS,SPORTS CAR,3.982,375,2160,10.3
MERCEDES-BENZ,CLA,SALOON,1.332,120,1980,6.7
MERCEDES-BENZ,CLA,SALOON,1.991,165,2120,7.3
MERCEDES-BENZ,CLA,SALOON,1.991,225,2155,8.2
MERCEDES-BENZ,CLA,SALOON,1.991,310,2175,9.3
MERCEDES-BENZ,CLE,CONVERTIBLE,2.999,330,2490,9.7
MERCEDES-BENZ,CLE,SPORTS CAR,2.999,330,2420,9.6
MERCEDES-BENZ,E-CLASS,SALOON,1.999,150,2450,7.2
MERCEDES-BENZ,E-CLASS,SALOON,1.999,190,2450,7.2
MERCEDES-BENZ,G-CLASS,STATION WAGON,3.982,430,3200,15.3
MERCEDES-BENZ,GLA,HATCHBACK,1.332,120,2060,7.4
MERCEDES-BENZ,GLA,HATCHBACK,1.991,165,2195,7.9
MERCEDES-BENZ,GLA,HATCHBACK,1.991,225,2250,9
MERCEDES-BENZ,GLB,STATION WAGON,1.332,120,2320,7.5
MERCEDES-BENZ,GLB,STATION WAGON,1.991,165,2445,7.9
MERCEDES-BENZ,GLB,STATION WAGON,1.991,225,2505,9.1
MERCEDES-BENZ,GLE,STATION WAGON,2.999,270,2818,9.5
MERCEDES-BENZ,GLE,STATION WAGON,2.999,280,3020,9.5
MERCEDES-BENZ,GLE,STATION WAGON,2.999,320,3050,10.1
MERCEDES-BENZ,GLE,STATION WAGON,3.982,450,2946,13
MERCEDES-BENZ,GLE,STATION WAGON,3.982,450,3120,13
MERCEDES-BENZ,GLS,STATION WAGON,3.982,410,3360,13.6
MERCEDES-BENZ,GLS,STATION WAGON,3.982,450,3350,13.4
MERCEDES-BENZ,GLS,STATION WAGON,3.982,450,3395,13.4
MERCEDES-BENZ,MERCEDES AMG GT,SPORTS CAR,3.982,430,2320,14.6
MERCEDES-BENZ,MERCEDES AMG GT,SPORTS CAR,3.982,450,2295,15
MERCEDES-BENZ,S-CLASS,SALOON,2.999,270,2795,8.8
MERCEDES-BENZ,S-CLASS,SALOON,3.982,370,2820,10.6
MERCEDES-BENZ,SL-CLASS,CONVERTIBLE,3.982,430,2320,13.9
MG,3,HATCHBACK,1.495,81,1657,6
MG,3,HATCHBACK,1.498,82,1685,6.7
MG,HS,STATION WAGON,1.49,119,1989,7.3
MG,HS,STATION WAGON,1.496,125,2060,6.9
MG,HS,STATION WAGON,1.496,125,2065,6.9
MG,HS,STATION WAGON,1.496,125,2105,6.9
MG,QS,STATION WAGON,1.986,153,2497,8.4
MG,QS,STATION WAGON,1.986,153,2587,8.8
MG,ZS,STATION WAGON,1.349,115,1750,7.1
MG,ZS,STATION WAGON,1.495,81,1745,6.7
MG,ZS,STATION WAGON,1.495,81,1780,6.7
MG,ZS,STATION WAGON,1.496,125,1840,6.9
MG,ZS,STATION WAGON,1.498,84,1720,7.1
MG,ZS,STATION WAGON,1.498,84,1750,6.9
MINI,CLUBMAN,STATION WAGON,1.998,141,1945,6.2
MINI,CONVERTIBLE,CONVERTIBLE,1.998,141,1745,6.3
MINI,CONVERTIBLE,CONVERTIBLE,1.998,141,1745,6.7
MINI,CONVERTIBLE,CONVERTIBLE,1.998,150,1805,6.9
MINI,COOPER,HATCHBACK,1.499,115,1715,6.6
MINI,COOPER,HATCHBACK,1.499,115,1840,6.6
MINI,COOPER,HATCHBACK,1.998,150,1735,6.8
MINI,COOPER,HATCHBACK,1.998,150,1865,6.8
MINI,COOPER,HATCHBACK,1.998,170,1770,7
MINI,COUNTRYMAN,STATION WAGON,1.499,125,2095,6.9
MINI,COUNTRYMAN,STATION WAGON,1.998,160,2195,7.3
MINI,COUNTRYMAN,STATION WAGON,1.998,221,2235,8.3
MINI,HATCH,HATCHBACK,1.499,100,1610,6.4
MITSUBISHI,ASX,STATION WAGON,1.998,112,1970,7.6
MITSUBISHI,ECLIPSE CROSS,STATION WAGON,1.499,112,2100,7.3
MITSUBISHI,ECLIPSE CROSS,STATION WAGON,1.499,112,2100,7.7
MITSUBISHI,OUTLANDER,STATION WAGON,2.488,135,2245,7.5
MITSUBISHI,OUTLANDER,STATION WAGON,2.488,135,2245,7.8
MITSUBISHI,OUTLANDER,STATION WAGON,2.488,135,2350,7.7
MITSUBISHI,OUTLANDER,STATION WAGON,2.488,135,2355,7.7
MITSUBISHI,OUTLANDER,STATION WAGON,2.488,135,2355,8.1
MITSUBISHI,OUTLANDER,STATION WAGON,2.488,135,2405,8.1
NISSAN,JUKE,HATCHBACK,0.999,84,1730,5.8
NISSAN,PATHFINDER,STATION WAGON,3.498,202,2750,10.5
NISSAN,PATROL,STATION WAGON,5.552,298,3450,14.5
NISSAN,PATROL,STATION WAGON,5.552,298,3500,14.5
NISSAN,QASHQAI,STATION WAGON,1.332,110,1985,5.8
NISSAN,QASHQAI,STATION WAGON,1.332,110,1985,6.1
NISSAN,QASHQAI,STATION WAGON,1.497,140,2180,4.8
NISSAN,X-TRAIL,STATION WAGON,2.488,135,2010,7.4
NISSAN,X-TRAIL,STATION WAGON,2.488,135,2040,7.4
NISSAN,X-TRAIL,STATION WAGON,2.488,135,2135,7.8
NISSAN,X-TRAIL,STATION WAGON,2.488,135,2245,7.8
NISSAN,X-TRAIL,STATION WAGON,2.488,135,2295,7.8
NISSAN,Z,SPORTS CAR,2.997,298,1890,10.8
NISSAN,Z,SPORTS CAR,2.997,298,1890,9.8
NISSAN,Z,SPORTS CAR,2.997,309,1890,10.4
OMODA,C5,STATION WAGON,1.498,108,1856,6.9
OMODA,C5,STATION WAGON,1.498,137,1856,6.9
OMODA,C5,STATION WAGON,1.598,137,1856,6.8
OMODA,C5,STATION WAGON,1.598,137,1960,7.4
OMODA,C9,STATION WAGON,1.998,183,2195,8.2
OMODA,C9,STATION WAGON,1.998,183,2281,8.5
OPEL,ASTRA,HATCHBACK,1.199,96,1880,4.6
OPEL,CORSA,HATCHBACK,1.199,96,1650,4.7
OPEL,GRANDLAND,STATION WAGON,1.199,96,2000,4.9
PEUGEOT,2008,STATION WAGON,1.199,96,1740,5.8
PEUGEOT,3008,STATION WAGON,1.598,133,1970,5.6
PEUGEOT,308,HATCHBACK,1.199,96,1850,4.7
PEUGEOT,5008,STATION WAGON,1.598,133,2190,5.6
PORSCHE,718,CONVERTIBLE,1.988,220,1685,8.6
PORSCHE,718,CONVERTIBLE,2.497,257,1699,9.1
PORSCHE,718,CONVERTIBLE,3.995,294,1730,9.6
PORSCHE,718,CONVERTIBLE,3.995,368,1755,12.9
PORSCHE,718,SPORTS CAR,1.988,220,1685,8.6
PORSCHE,718,SPORTS CAR,3.995,294,1700,11
PORSCHE,718,SPORTS CAR,3.995,294,1730,9.6
PORSCHE,911,CONVERTIBLE,2.981,290,2015,10.7
PORSCHE,911,SPORTS CAR,2.981,290,1930,11.5
PORSCHE,911,SPORTS CAR,2.981,290,1960,10.6
PORSCHE,911,SPORTS CAR,2.981,353,1955,10.7
PORSCHE,911,SPORTS CAR,2.981,353,1985,10.2
PORSCHE,911,SPORTS CAR,3.745,478,2020,11.5
PORSCHE,911,SPORTS CAR,3.996,371,1739,13.7
PORSCHE,911,SPORTS CAR,3.996,371,1782,12.6
PORSCHE,911,SPORTS CAR,3.996,375,1765,15.2
PORSCHE,911,SPORTS CAR,3.996,375,1782,13.6
PORSCHE,911,SPORTS CAR,3.996,386,1695,15.2
PORSCHE,911,SPORTS CAR,3.996,386,1795,13.2
PORSCHE,CAYENNE,STATION WAGON,2.995,260,2820,10.4
PORSCHE,CAYENNE,STATION WAGON,2.995,260,2835,10.4
PORSCHE,CAYENNE,STATION WAGON,3.996,349,2910,12.3
PORSCHE,CAYENNE,STATION WAGON,3.996,349,2930,12.3
PORSCHE,CAYENNE,STATION WAGON,3.996,368,2875,12.3
PORSCHE,CAYENNE,STATION WAGON,3.996,368,2890,12.3
PORSCHE,CAYENNE,STATION WAGON,3.996,485,2680,12.5
PORSCHE,MACAN,STATION WAGON,1.984,195,2510,9.3
PORSCHE,MACAN,STATION WAGON,1.984,195,2510,9.5
PORSCHE,MACAN,STATION WAGON,2.894,280,2580,10.2
PORSCHE,MACAN,STATION WAGON,2.894,324,2580,10.3
PORSCHE,PANAMERA,SALOON,3.996,368,2685,11.7
ROLLS-ROYCE,CULLINAN,SALOON,6.749,420,3290,15.1
ROLLS-ROYCE,CULLINAN,STATION WAGON,6.749,420,3300,16.7
ROLLS-ROYCE,CULLINAN,STATION WAGON,6.749,447,3300,15.2
ROLLS-ROYCE,GHOST,SALOON,6.749,420,3130,15
SKODA,FABIA,HATCHBACK,0.999,85,1650,6
SKODA,FABIA,HATCHBACK,1.498,110,1680,6.1
SKODA,KAMIQ,STATION WAGON,0.999,85,1746,5.2
SKODA,KAMIQ,STATION WAGON,0.999,85,1756,5.9
SKODA,KAMIQ,STATION WAGON,0.999,85,1770,5.5
SKODA,KAMIQ,STATION WAGON,0.999,85,1770,5.8
SKODA,KAMIQ,STATION WAGON,1.498,110,1800,5.2
SKODA,KAMIQ,STATION WAGON,1.498,110,1800,5.9
SKODA,KAMIQ,STATION WAGON,1.498,110,1800,6.2
SKODA,KAMIQ,STATION WAGON,1.498,110,1810,5.9
SKODA,KAROQ,STATION WAGON,1.395,110,1930,6.6
SKODA,KAROQ,STATION WAGON,1.395,110,1940,6.6
SKODA,KAROQ,STATION WAGON,1.498,110,1930,6.3
SKODA,KAROQ,STATION WAGON,1.498,110,1932,6.4
SKODA,KAROQ,STATION WAGON,1.984,140,2158,8
SKODA,KAROQ,STATION WAGON,1.984,140,2160,8
SKODA,KODIAQ,STATION WAGON,1.395,110,2211,7.5
SKODA,KODIAQ,STATION WAGON,1.395,110,2253,7.5
SKODA,KODIAQ,STATION WAGON,1.984,140,2409,8
SKODA,KODIAQ,STATION WAGON,1.984,180,2391,7.5
SKODA,KODIAQ,STATION WAGON,1.984,180,2391,8.6
SKODA,KODIAQ,STATION WAGON,1.984,195,2500,8.4
SKODA,KODIAQ,STATION WAGON,1.984,195,2500,8.5
SKODA,OCTAVIA,STATION WAGON,1.395,110,1900,5.5
SKODA,OCTAVIA,STATION WAGON,1.395,110,1900,5.6
SKODA,OCTAVIA,STATION WAGON,1.395,110,1910,6.1
SKODA,OCTAVIA,STATION WAGON,1.984,180,2050,6.8
SKODA,OCTAVIA,STATION WAGON,1.984,180,2060,6.8
SKODA,OCTAVIA,STATION WAGON,1.984,195,2005,7
SKODA,OCTAVIA,STATION WAGON,1.984,195,2060,7.2
SKODA,SCALA,HATCHBACK,0.999,85,1660,5.4
SKODA,SCALA,HATCHBACK,0.999,85,1670,5.5
SKODA,SCALA,HATCHBACK,1.498,110,1730,5.6
SKODA,SCALA,HATCHBACK,1.498,110,1730,5.7
SKODA,SUPERB,STATION WAGON,1.984,162,2150,7.3
SKODA,SUPERB,STATION WAGON,1.984,195,2320,7.8
SKODA,SUPERB,STATION WAGON,1.984,195,2320,7.9
SKODA,SUPERB,STATION WAGON,1.984,206,2310,7.5
SKODA,SUPERB,STATION WAGON,1.984,206,2313,8.5
SSANGYONG,KORANDO,STATION WAGON,1.497,120,2040,7
SSANGYONG,KORANDO,STATION WAGON,1.497,120,2040,8.2
SSANGYONG,TIVOLI,STATION WAGON,1.498,120,1810,7.8
SSANGYONG,TIVOLI,STATION WAGON,1.498,120,1810,7.9
SUBARU,BRZ,SPORTS CAR,2.387,174,1670,9.5
SUBARU,CROSSTREK,STATION WAGON,1.995,115,2100,7.2
SUBARU,CROSSTREK,STATION WAGON,2,110,2100,7.2
SUBARU,FORESTER,STATION WAGON,2.498,136,2223,7.4
SUBARU,FORESTER,STATION WAGON,2.498,136,2223,7.9
SUBARU,IMPREZA,HATCHBACK,1.995,115,2100,7.5
SUBARU,OUTBACK,STATION WAGON,2.387,183,2200,9
SUBARU,OUTBACK,STATION WAGON,2.387,194,2333,9.7
SUBARU,OUTBACK,STATION WAGON,2.498,137,2280,8.1
SUBARU,OUTBACK,STATION WAGON,2.498,138,2200,7.3
SUBARU,WRX,SALOON,2.387,202,2100,8.5
SUBARU,WRX,SALOON,2.387,202,2100,9.9
SUBARU,WRX,STATION WAGON,2.387,202,2100,8.5
SUZUKI,IGNIS,STATION WAGON,1.243,66,1330,4.7
SUZUKI,IGNIS,STATION WAGON,1.243,66,1330,4.9
SUZUKI,JIMNY,STATION WAGON,1.462,75,1435,6.4
SUZUKI,JIMNY,STATION WAGON,1.462,75,1435,6.9
SUZUKI,JIMNY,STATION WAGON,1.462,75,1545,6.4
SUZUKI,JIMNY,STATION WAGON,1.462,75,1545,6.9
SUZUKI,JIMNY,STATION WAGON,1.462,75,2000,6.4
SUZUKI,S-CROSS,HATCHBACK,1.373,103,1745,5.9
SUZUKI,SWIFT,HATCHBACK,0.998,82,1380,5.1
SUZUKI,SWIFT,HATCHBACK,1.242,66,1365,4.6
SUZUKI,SWIFT,HATCHBACK,1.242,66,1365,4.8
SUZUKI,SWIFT,HATCHBACK,1.373,103,1445,6.1
SUZUKI,VITARA,STATION WAGON,1.373,95,1710,5.8
SUZUKI,VITARA,STATION WAGON,1.373,95,1770,5.3
SUZUKI,VITARA,STATION WAGON,1.373,95,1780,6.3
TOYOTA,COROLLA,HATCHBACK,1.618,221,1915,8.4
TOYOTA,COROLLA,HATCHBACK,1.618,221,1915,9.5
TOYOTA,COROLLA,SPORTS CAR,1.618,220,1915,8.4
TOYOTA,GR YARIS,HATCHBACK,1.618,221,1645,8.2
TOYOTA,GR YARIS,HATCHBACK,1.618,221,1645,9.1
TOYOTA,GR86,SPORTS CAR,2.387,174,1670,9.5
TOYOTA,GR86,SPORTS CAR,2.387,174,1700,8.8
TOYOTA,SUPRA,SPORTS CAR,2.998,285,1795,8.9
TOYOTA,SUPRA,SPORTS CAR,2.998,285,1795,9.1
TOYOTA,SUPRA,SPORTS CAR,2.998,285,1815,7.5
TOYOTA,SUPRA,SPORTS CAR,2.998,285,1815,7.7
VOLKSWAGEN,CADDY,STATION WAGON,1.498,84,2350,6.3
VOLKSWAGEN,CADDY,STATION WAGON,1.498,85,2350,7.7
VOLKSWAGEN,GOLF,HATCHBACK,1.395,110,1810,6.3
VOLKSWAGEN,GOLF,HATCHBACK,1.984,195,1950,7.2
VOLKSWAGEN,GOLF,HATCHBACK,1.984,195,1950,7.9
VOLKSWAGEN,GOLF,HATCHBACK,1.984,235,2030,7.7
VOLKSWAGEN,GOLF,HATCHBACK,1.984,245,2040,8.2
VOLKSWAGEN,T-ROC,STATION WAGON,1.395,110,1850,6.3
VOLKSWAGEN,T-ROC,STATION WAGON,1.984,221,2060,8.7
VOLKSWAGEN,T-ROC,STATION WAGON,1.984,221,2060,9.4
VOLKSWAGEN,TAYRON,STATION WAGON,1.984,150,2510,7.8
VOLKSWAGEN,TAYRON,STATION WAGON,1.984,195,2510,8.8
VOLKSWAGEN,TAYRON,STATION WAGON,1.984,195,2510,8.9
VOLKSWAGEN,TIGUAN,STATION WAGON,1.395,110,2140,7.6
VOLKSWAGEN,TIGUAN,STATION WAGON,1.984,140,2470,8.5
VOLKSWAGEN,TIGUAN,STATION WAGON,1.984,180,2470,8.9
VOLKSWAGEN,TIGUAN,STATION WAGON,1.984,195,2300,8.5
VOLKSWAGEN,TIGUAN,STATION WAGON,1.984,195,2300,8.6
