id,reference,reading
1,47.792,57.791
2,47.854,59.941
3,47.66,61.829
4,47.327,63.314
5,46.794,64.813
6,46.539,66.74
7,45.866,67.724
8,45.101,68.963
9,44.047,70.091
10,43.299,71.233
11,41.816,71.459
12,40.925,72.407
13,39.623,72.504
14,38.235,72.673
15,36.994,72.775
16,35.88,72.675
17,34.169,72.203
18,32.593,71.63
19,31.068,70.585
20,29.788,69.884
21,27.945,68.504
22,26.746,67.48
23,25.178,66.087
24,23.586,64.206
25,22.417,62.97
26,21.012,61.142
27,19.743,59.072
28,18.541,57.304
29,17.413,55.146
30,16.336,53.075
31,15.493,50.964
32,14.454,48.622
33,13.774,46.419
34,13.44,44.318
35,12.891,42.15
36,12.453,39.989
37,12.241,37.814
38,12.052,35.766
39,12.079,33.91
40,12.135,31.797
41,12.622,30.195
42,12.968,28.605
43,13.234,26.784
44,14.043,25.342
45,14.686,24.178
46,15.551,23.121
47,16.405,22.194
48,17.478,21.311
49,18.555,20.645
50,19.682,20.06
51,21.098,20.0
52,22.432,20.064
53,23.802,20.066
54,25.166,20.316
55,26.554,20.612
56,28.054,21.564
57,29.686,22.608
58,31.134,23.316
59,32.572,24.638
60,34.1,25.744
61,35.601,27.449
62,36.726,28.77
63,38.325,30.311
64,39.695,32.496
65,40.98,34.367
66,42.075,36.476
67,43.016,38.298
68,44.099,40.518
69,44.796,42.642
70,45.654,44.863
71,46.303,47.391
72,46.797,49.358
73,47.364,51.501
74,47.67,53.793
75,47.936,55.775
76,22.959,58.775
77,22.841,60.364
78,22.138,61.641
79,21.058,62.644
80,19.874,62.873
81,18.304,62.55
82,16.477,61.546
83,14.924,60.494
84,13.47,58.545
85,12.011,56.82
86,10.905,54.555
87,10.249,52.428
88,10.0,50.303
89,10.197,48.664
90,10.958,47.455
91,11.882,46.689
92,13.174,46.488
93,14.913,46.881
94,16.613,47.701
95,18.243,48.773
96,19.863,50.733
97,21.162,52.635
98,22.189,54.751
99,22.757,56.691
100,50.0,76.294
101,49.831,77.767
102,49.077,79.109
103,48.082,79.915
104,46.906,80.0
105,45.21,79.954
106,43.356,78.715
107,41.722,77.426
108,40.316,76.024
109,38.939,74.035
110,37.973,71.89
111,37.223,69.579
112,36.929,67.622
113,37.074,66.013
114,37.778,64.718
115,38.891,63.999
116,40.336,63.683
117,41.787,64.177
118,43.395,64.774
119,45.059,65.976
120,46.87,68.091
121,48.138,69.999
122,49.205,72.19
123,49.879,74.199
124,25.058,48.58
125,24.964,49.742
126,24.437,50.067
127,23.78,50.06
128,23.072,49.254
129,22.391,48.022
130,22.186,46.756
131,22.503,45.737
132,22.903,45.123
133,23.666,45.532
134,24.432,46.149
135,25.0,47.414
136,37.808,56.774
137,37.557,57.765
138,37.029,58.237
139,36.367,58.11
140,35.612,57.511
141,35.062,56.039
142,34.929,54.913
143,35.028,53.828
144,35.611,53.461
145,36.266,53.417
146,37.077,54.316
147,37.684,55.509
148,38.127,46.023
149,37.874,47.559
150,37.359,48.433
151,36.327,48.985
152,35.05,49.292
153,33.577,49.087
154,31.891,48.457
155,29.936,47.387
156,28.137,46.079
157,26.47,44.464
158,25.132,42.961
159,23.776,40.726
160,22.882,39.095
161,22.191,37.367
162,22.003,35.856
163,22.38,34.663
164,22.857,33.419
165,23.787,32.857
166,25.184,32.634
167,26.583,32.671
168,28.209,33.292
169,29.956,34.371
170,31.798,35.685
171,33.587,37.245
172,34.96,39.023
173,36.255,40.793
174,37.135,42.632
175,37.81,44.434
176,32.131,44.097
177,31.865,44.582
178,31.154,44.677
179,29.99,44.269
180,28.976,43.321
181,28.211,42.295
182,27.91,41.307
183,28.235,40.826
184,28.982,40.701
185,30.017,41.277
186,31.094,42.116
187,31.843,43.118
188,30.053,41.432
189,29.954,40.672
190,30.038,40.056
191,30.05,39.319
192,30.032,38.684
193,29.988,37.926
194,30.016,37.334
195,25.864,34.112
196,26.396,34.603
197,27.043,34.97
198,27.602,35.454
199,28.176,35.903
200,28.868,36.396
201,29.399,36.805
202,30.042,37.313
203,30.036,37.228
204,30.586,37.661
205,31.222,37.957
206,31.737,38.181
207,32.396,38.584
208,33.01,38.962
209,33.609,39.212
210,34.247,39.522
